measure	title
H.Con.Res. 1	Regarding consent to assemble outside the seat of government.
H.Con.Res. 2	Providing for an adjournment or recess of the two Houses.
H.Con.Res. 20	Providing for a joint session of Congress to receive a message from the President.
H.Con.Res. 21	Providing for an adjournment or recess of the two Houses.
H.Con.Res. 24	Expressing the sense of Congress that the President should grant a posthumous pardon to John Arthur "Jack" Johnson for the 1913 racially motivated conviction of Johnson, which diminished his athletic, cultural, and historic significance, and tarnished his reputation.
H.Con.Res. 37	Honoring former Congressman Dalip Singh Saund and remembering his achievements as the only Indian American to serve in Congress.
H.Con.Res. 39	Providing for an adjournment of the House.
H.Con.Res. 57	Expressing the sense of the Congress that the President should grant a pardon to Marcus Mosiah Garvey to clear his name and affirm his innocence of crimes for which he was unjustly prosecuted and convicted.
H.Con.Res. 58	Expressing the sense of Congress that the United States Postal Service should issue a commemorative postage stamp honoring former Representative Shirley Chisholm, and that the Citizens' Stamp Advisory Committee should recommend to the Postmaster General that such a stamp be issued.
H.Con.Res. 59	Recognizing the contributions of African-American basketball teams and players for their achievements, dedication, and contributions to the sport of basketball and to the Nation.
H.Con.Res. 60	Acknowledging African descendants of the transatlantic slave trade in all of the Americas with an emphasis on descendants in Latin America and the Caribbean, recognizing the injustices suffered by these African descendants, and recommending that the United States and the international community work to improve the situation of Afro-descendant communities in Latin America and the Caribbean.
H.Con.Res. 61	Expressing the sense of the Congress that a postage stamp should be issued honoring the Nation's coal miners.
H.Con.Res. 62	Expressing support for the designation and goals of "Hire a Veteran Week".
H.Con.Res. 63	Permitting the use of the rotunda of the Capitol for a ceremony as part of the commemoration of the days of remembrance of victims of the Holocaust.
H.Con.Res. 64	Expressing the sense of the Congress that there should be established a National Teacher Appreciation Day.
H.Con.Res. 65	Commending the Republic of Turkey for assuming the leadership of the International Security Assistance Force in Afghanistan and for its ongoing contribution to the war against terrorism.
H.Con.Res. 66	Providing for the adjournment or recess of the two Houses.
H.Con.Res. 68	Expressing the sense of Congress that the Government of Japan should formally issue a clear and unambiguous apology for the sexual enslavement of young women during colonial occupation of Asia and World War II, known to the world as "comfort women", and for other purposes.
H.Con.Res. 69	Expressing the sense of Congress that the United States should resume normal diplomatic relations with the Republic of China on Taiwan, and for other purposes.
H.Con.Res. 70	Expressing the sense of Congress that the United States should strongly oppose China's anti-secession legislation with respect to Taiwan.
H.Con.Res. 71	Expressing the sense of Congress that there should be established a Caribbean-American Heritage Month.
H.Con.Res. 72	Expressing the sense of Congress that W.E.B. DuBois should be recognized for his legacy of devotion civil rights and scholarly advancement, and as a defender of freedom.
H.Con.Res. 74	Expressing the sense of Congress with respect to the urgency of providing adequate assistance to the Co-operative Republic of Guyana devastated by severe flooding as a result of torrential rains from late December 2004 to January 2005.
H.Con.Res. 75	Expressing the sense of the Congress that the illegal importation of prescription drugs severely undermines the regulatory protections afforded to United States consumers, and for other purposes.
H.Con.Res. 76	Expressing the sense of Congress that the United States should urge the People's Republic of China not to enact into law the so-called "anti-secession" legislation with respect to Taiwan and should reaffirm its unwavering commitment to Taiwan, and for other purposes.
H.Con.Res. 77	Expressing the sense of Congress with respect to the murder of Emmett Till.
H.Con.Res. 78	Expressing the grave concern of Congress regarding the arrest of Ayman Nour, the leader of the Al Ghad party, by the Government of the Arab Republic of Egypt and the support of Congress for continued progress toward democracy in Egypt.
H.Con.Res. 79	Permitting the use of the rotunda of the Capitol for a ceremony to award a Congressional gold medal to Jackie Robinson (posthumously), in recognition of his many contributions to the Nation.
H.Con.Res. 80	Commemorating the service to the Nation during World War II of the African-American members of the United States Marine Corps who came to be known as the Montford Point Marines.
H.Con.Res. 82	Expressing the grave concern of Congress regarding the arrest of Ayman Nour, the leader of the al-Ghad party, by the Government of the Arab Republic of Egypt and the support of Congress for continued progress toward democracy in Egypt.
H.Con.Res. 95	Establishing the congressional budget for the United States Government for fiscal year 2006, revising appropriate budgetary levels for fiscal year 2005, and setting forth appropriate budgetary levels for fiscal years 2007 through 2010.
H.Con.Res. 101	Calling upon the President to order an immediate moratorium on the rendition of persons to Syria and all countries that routinely use torture as reported by the Department of State's 2004 Country Reports on Human Rights Practices, and for other purposes.
H.Con.Res. 103	Providing for an adjournment of the two Houses.
H.Con.Res. 121	Congratulating the public schools of Westchester Public School District 92 1/2 in Westchester, Illinois, on the occasion of the District's 75th anniversary, and for other purposes.
H.Con.Res. 138	Expressing the sense of Congress that the United States Postal Service should issue a commemorative postage stamp honoring famous Staten Island-born 19th Century Hudson River Painter Jasper Francis Cropsey, and the Citizens' Stamp Advisory Committee should recommend to the Postmaster General that such a stamp be issued.
H.Con.Res. 141	Calling on the International Olympic Committee (IOC) to change the venue of the 2008 Olympic Games unless the People's Republic of China makes significant progress in ending human rights abuses.
H.Con.Res. 142	Congratulating Disneyland and the Walt Disney Company on the 50th Anniversary of the opening of Disneyland.
H.Con.Res. 167	Providing for a conditional adjournment of the House of Representatives and a conditional recess or adjournment of the Senate.
H.Con.Res. 198	Providing for an adjournment or recess of the two Houses.
H.Con.Res. 212	To correct technical errors in the enrollment of the bill H.R. 3377.
H.Con.Res. 214	Revising the concurrent resolution on the budget for fiscal year 2006.
H.Con.Res. 225	Providing for an adjournment or recess of the two Houses.
H.Con.Res. 226	Providing for a correction to the enrollment of H.R. 3.
H.Con.Res. 263	Providing for a conditional adjournment of the House of Representatives and a conditional recess or adjournment of the Senate.
H.Con.Res. 274	Reaffirming the continued importance and applicability of the Posse Comitatus Act.
H.Con.Res. 276	Requesting the President to return to the House of Representatives the enrollment of H.R. 3765 so that the Clerk of the House may reenroll the bill in accordance with the action of the two Houses.
H.Con.Res. 287	Honoring the memory of the members of the Armed Forces of the United States who have given their lives in service to the United States in Operation Iraqi Freedom and Operation Enduring Freedom.
H.Con.Res. 290	Honoring the goals and ideals of National Nurse Practitioners Week.
H.Con.Res. 291	Honoring the service of American Indians in the Armed Forces.
H.Con.Res. 292	Expressing the sense of Congress that the United States Postal Service should issue a commemorative postage stamp honoring the late Rosa Parks.
H.Con.Res. 295	Providing that any agreement relating trade and investment that is negotiated by the executive branch with other countries must comply with certain minimum standards.
H.Con.Res. 301	Expressing the sense of Congress that any bill or joint resolution that provides for the establishment of a new Federal program should contain a provision that eliminates one or more current Federal programs of equal or greater cost.
H.Con.Res. 303	Urging the United States Trade Representative to take action to ensure that the People's Republic of China complies with its obligations to protect intellectual property rights, and for other purposes.
H.Con.Res. 307	Providing for a conditional adjournment of the House of Representatives and a conditional recess or adjournment of the Senate.
H.Con.Res. 308	Directing the Clerk of the House of Representatives to make a technical correction in the enrollment of H.R. 3058.
H.Con.Res. 318	Expressing concern regarding nuclear proliferation with respect to proposed full civilian nuclear cooperation with India, and for other purposes.
H.Con.Res. 324	Directing the Secretary of the Senate to make a technical correction in the enrollment of S. 1281.
H.Con.Res. 326	Providing for the sine die adjournment of the first session of the One Hundred Ninth Congress.
H.Con.Res. 332	Providing for a conditional adjournment of the House of Representatives.
H.Con.Res. 333	Expressing the sense of Congress that the Supreme Court misinterpreted the First Amendment to the Constitution in the case of Buckley v. Valeo.
H.Con.Res. 334	Commending the persons who were inducted for service in the United States Armed Forces during World War II.
H.Con.Res. 345	Providing for an adjournment or recess of the two Houses.
H.Con.Res. 361	Providing for an adjournment or recess of the two Houses.
H.Con.Res. 373	Establishing the congressional budget for the United States Government for fiscal year 2007 and setting forth appropriate budgetary levels for fiscal years 2008 through 2011.
H.Con.Res. 376	Establishing the congressional budget for the United States Government for fiscal year 2007 and setting forth appropriate budgetary levels for fiscal years 2008 through 2011.
H.Con.Res. 398	Expressing the sense of the Congress that the United States Fish and Wildlife Service should incorporate consideration of global warming and sea-level rise into the comprehensive conservation plans for coastal national wildlife refuges, and for other purposes.
H.Con.Res. 440	Providing for an adjournment or recess of the two Houses.
H.Con.Res. 459	Providing for an adjournment or recess of the two Houses.
H.Con.Res. 483	Providing for an adjournment or recess of the two Houses.
H.J.Res. 3	To acknowledge a long history of official depredations and ill-conceived policies by the United States Government regarding Indian tribes and offer an apology to all Native Peoples on behalf of the United States.
H.J.Res. 8	Every Vote Counts Amendment
H.J.Res. 9	Proposing an amendment to the Constitution of the United States to repeal the twenty-second article of amendment, thereby removing the limitation on the number of terms an individual may serve as President.
H.J.Res. 16	Proposing an amendment to the Constitution of the United States to repeal the sixteenth article of amendment.
H.J.Res. 18	Recognizing the historic commitment of the United States to the recovery of and full accounting for Americans who are prisoners of war or in a missing status.
H.J.Res. 19	Providing for the appointment of Shirley Ann Jackson as a citizen regent of the Board of Regents of the Smithsonian Institution.
H.J.Res. 20	Providing for the appointment of Robert P. Kogod as a citizen regent of the Board of Regents of the Smithsonian Institution.
H.J.Res. 21	Proposing an amendment to the Constitution of the United States relating to school prayer.
H.J.Res. 22	Proposing a balanced budget amendment to the Constitution of the United States.
H.J.Res. 23	Disapproving the rule submitted by the Department of Agriculture relating to the establishment of minimal-risk regions for the introduction of bovine spongiform encephalopathy into the United States.
H.J.Res. 24	Proposing an amendment to the Constitution of the United States to repeal the 22nd amendment to the Constitution.
H.J.Res. 25	Proposing an amendment to the Constitution of the United States relating to the maintenance of a system of social insurance that provides social security for its citizens.
H.J.Res. 26	Proposing an amendment to the Constitution of the United States relating to Congressional succession.
H.J.Res. 46	Proposing an amendment to the Constitution of the United States to deny United States citizenship to individuals born in the United States to parents who are neither United States citizens nor persons who owe permanent allegiance to the United States.
H.J.Res. 47	Increasing the statutory limit on the public debt.
H.J.Res. 68	Making continuing appropriations for the fiscal year 2006, and for other purposes.
H.J.Res. 70	Requiring the President to submit to Congress a plan for the withdrawal of United States Armed Forces from Iraq, and for other purposes.
H.J.Res. 71	Proposing an amendment to the Constitution of the United States to authorize the President to reduce or disapprove any appropriation in any bill presented by Congress.
H.J.Res. 74	Proposing a balanced budget amendment to the Constitution of the United States.
H.J.Res. 75	Making further continuing appropriations for the fiscal year 2006, and for other purposes.
H.J.Res. 77	Proposing an amendment to the Constitution of the United States to authorize the President to reduce or disapprove any appropriation or authorization of new direct spending in any bill presented by Congress.
H.J.Res. 85	Proposing an amendment to the Constitution of the United States to clarify that the Constitution neither prohibits voluntary prayer nor requires prayer in schools.
H.J.Res. 91	Proposing an amendment to the Constitution of the United States relating to marriage.
H.J.Res. 92	Proposing an amendment to the Constitution of the United States to ensure a free and adequate education for every child who is a citizen.
H.R. 3	SAFETEA-LU
H.R. 4	Pension Protection Act of 2006
H.R. 6	Energy Policy Act of 2005
H.R. 8	Death Tax Repeal Permanency Act of 2005
H.R. 11	Medicare Rural Home Health Services Improvement Act of 2005
H.R. 21	Lumbee Recognition Act
H.R. 22	Postal Accountability and Enhancement Act
H.R. 24	Preservation and Restoration of Orphan Works for Use in Scholarship and Education (PRO-USE) Act of 2005
H.R. 81	David Shick Honesty in Campus Justice Act
H.R. 90	Veterans Comprehensive Hepatitis C Health Care Act
H.R. 91	Smarter Funding for All of America's Homeland Security Act of 2005
H.R. 110	School Environment Protection Act of 2005
H.R. 130	To amend the General Education Provisions Act to clarify the definition of a student regarding family educational and privacy rights.
H.R. 150	To authorize the Secretary of the Interior to provide a grant to the State of New Jersey for the construction of a memorial to the New Jersey victims of the terrorist attacks of September 11, 2001.
H.R. 202	Depleted Uranium Screening and Testing Act of 2005
H.R. 211	Ninth Circuit Judgeship and Reorganization Act of 2005
H.R. 221	Simple Savings Tax Relief Act of 2005
H.R. 236	To require the Consumer Product Safety Commission to ban toys which in size, shape, or overall appearance resemble real handguns.
H.R. 238	Educational Empowerment Act
H.R. 249	To repeal the reservation of mineral rights made by the United States when certain lands in Livingston Parish, Louisiana, were conveyed by Public Law 102-562.
H.R. 307	Long Island Sound Stewardship Act of 2005
H.R. 314	Combat Meth Act of 2005
H.R. 341	Improving the Community Services Block Grant Act of 2005
H.R. 357	Family Entertainment and Copyright Act of 2005
H.R. 421	G.I. Advanced Education in Science and Technology Act
H.R. 438	To designate the facility of the United States Postal Service located at 2000 Allston Way in Berkeley, California, as the "Maudelle Shirek Post Office Building".
H.R. 475	Family and Medical Leave Inclusion Act
H.R. 491	Push Poll Disclosure Act of 2005
H.R. 498	Price Stability Act of 2005
H.R. 521	Milk Import Tariff Equity Act
H.R. 534	Help Efficient, Accessible, Low-cost, Timely Healthcare (HEALTH) Act of 2005
H.R. 550	Voter Confidence and Increased Accessibility Act of 2005
H.R. 559	To amend the Elementary and Secondary Education Act of 1965 to direct the Secretary of Education to make grants to States for assistance in hiring additional school-based mental health and student service providers.
H.R. 560	Peace Stamp for the Peace Corps Act
H.R. 572	To amend the National Highway System Designation Act of 1995 concerning the applicability of hours of service requirements to drivers operating commercial motor vehicles transporting agricultural commodities and farm supplies.
H.R. 594	Oral Health Promotion Act of 2005
H.R. 604	To halt the issuance of visas to citizens of Saudi Arabia until the President certifies that the Kingdom of Saudi Arabia does not discriminate in the issuance of visas on the basis of religious affiliation or heritage.
H.R. 608	For the relief of Geert Botzen.
H.R. 615	Notch Fairness Act of 2005
H.R. 619	Denver Federal Center Redevelopment Act
H.R. 620	Security Measures Feasibility Act
H.R. 634	To designate Poland as a program country under the visa waiver program established under section 217 of the Immigration and Nationality Act, subject to special conditions.
H.R. 685	Bankruptcy Abuse Prevention and Consumer Protection Act of 2005
H.R. 687	Civil War Sesquicentennial Commission Act
H.R. 700	Pharmaceutical Market Access and Drug Safety Act of 2005
H.R. 707	To amend the Harmonized Tariff Schedule of the United States with respect to rattan webbing.
H.R. 712	Medicare Prescription Drug Sensibility Act
H.R. 715	To extend the time within which claims may be filed under the September 11th Victim Compensation Fund.
H.R. 716	To amend title 10, United States Code, to provide that military reservists who are retained in active status after qualifying for reserve retired pay shall be given credit toward computation of such retired pay for service performed after so qualifying.
H.R. 717	To amend title 38, United States Code, to expand the scope of programs of education for which accelerated payments of educational assistance under the Montgomery GI Bill may be used, and for other purposes.
H.R. 718	Great Lakes Controlled Data Collection and Monitoring Act
H.R. 720	September 11th Tax Correction Act
H.R. 721	To amend the Federal Crop Insurance Act to require the Federal Crop Insurance Corporation to offer farmers supplemental crop insurance based on an area yield and loss plan of insurance, and for other purposes.
H.R. 723	To direct the Secretary of Transportation to conduct a study to determine the feasibility of constructing a highway in California connecting State Route 130 in Santa Clara County with Interstate Route 5 in San Joaquin County, and to determine the feasibility of constructing a fixed guideway system along the right-of-way of the highway.
H.R. 724	To designate the United States courthouse located at 2500 Tulare Street in Fresno, California, as the "Robert E. Coyle United States Courthouse".
H.R. 725	Paperwork and Regulatory Improvements Act of 2005
H.R. 726	Erroneous Tax Refund Fairness Act
H.R. 727	Self-Employed Health Equity Adjustment to Lower Tax Hindrance Act of 2005
H.R. 729	Medicare Drug Cost Credibility Act of 2005
H.R. 730	To amend title 10, United States Code, to provide a temporary increase in the minimum end strength level for active duty personnel for the Army, the Marine Corps, and the Air Force, and for other purposes.
H.R. 731	Reaffirmation of State Regulation of Resident and Nonresident Hunting and Fishing Act of 2005
H.R. 732	Northern Rio Grande National Heritage Area Act
H.R. 733	Subway Cell Access Act
H.R. 734	Flight 587 Act
H.R. 735	Family Building Act of 2005
H.R. 736	COLA Fairness Act of 2005
H.R. 746	Foreign Debt Ceiling Act of 2005
H.R. 750	Social Security Guarantee Plus Act of 2005
H.R. 751	Work, Family, and Opportunity Promotion Act
H.R. 752	Medicare Prescription Drug Savings and Choice Act of 2005
H.R. 753	Safe Importation of Medical Products and Other Rx Therapies Act of 2005
H.R. 759	Climate Stewardship Act of 2005
H.R. 760	National Heritage Partnership Act
H.R. 761	Next Generation Hispanic-Serving Institutions Act
H.R. 763	Revolutionary War and War of 1812 Battlefield Protection Act of 2005
H.R. 764	To require the Attorney General to establish a Federal register of cases of child abuse or neglect.
H.R. 765	Fair Care for the Uninsured Act of 2005
H.R. 766	President Ronald Reagan $50 Bill Act
H.R. 767	Abraham Lincoln Bicentennial 1-Cent Coin Redesign Act
H.R. 768	Family Life Education Act
H.R. 769	Ukrainian American Veterans Charter Act
H.R. 770	To require the annual poverty estimate and the National Assessment of Educational Progress to be subject to certain guidance on the release of information to the public.
H.R. 772	Resuming Education After Defense Service Act of 2005
H.R. 773	Fairness in Labor Litigation Act
H.R. 775	Farmland Capital Gains Equity Act of 2005
H.R. 776	Sanctity of Life Act of 2005
H.R. 777	Taxpayers' Freedom of Conscience Act of 2005
H.R. 778	Head Start Accountability Act of 2005
H.R. 779	Federal Hydropower Enhancement Act of 2005
H.R. 780	To amend section 5202 of the Intelligence Reform and Terrorism Prevention Act of 2004 to provide for assured funding for more Border Patrol agents.
H.R. 781	Geary County, Kansas, Land Conveyance Act
H.R. 782	Senior Nutrition Act of 2005
H.R. 783	To amend title 10, United States Code, to reduce the age for receipt of military retired pay for non-regular service from 60 to 55.
H.R. 784	To clarify that service marks, collective marks, and certification marks are entitled to the same protections, rights, and privileges of trademarks.
H.R. 785	Cargo Theft Prevention Act
H.R. 786	GI Bill Enhancement Act of 2005
H.R. 787	To designate the United States courthouse located at 501 I Street in Sacramento, California, as the "Robert T. Matsui United States Courthouse".
H.R. 788	PILT and Refuge Revenue Sharing Permanent Funding Act
H.R. 789	For the relief of Alemseghed Mussie Tesfamical.
H.R. 790	Public Housing Drug Elimination Program Reauthorization Act of 2005
H.R. 791	Safe Nursing and Patient Care Act of 2005
H.R. 792	Great Lakes Restoration Act of 2005
H.R. 793	Save Our Small and Seasonal Businesses Act
H.R. 794	Colorado River Indian Reservation Boundary Correction Act
H.R. 795	To direct the Secretary of Transportation to work with the State of New York to ensure that a segment of Interstate Route 86 in the vicinity of Corning, New York, is designated as the "Amo Houghton Bypass".
H.R. 796	Domestic Preparedness Act of 2005
H.R. 797	Native American Housing Enhancement Act of 2005
H.R. 798	Methamphetamine Remediation Research Act of 2006
H.R. 799	Consumer Checking Account Fairness Act
H.R. 801	Diabetic Retinopathy Prevention Act of 2005
H.R. 802	Inland Empire Regional Water Recycling Initiative
H.R. 803	Meningococcal Vaccination Act of 2005
H.R. 804	To exclude from consideration as income certain payments under the national flood insurance program.
H.R. 805	Veterans Burial Benefits Improvement Act of 2005
H.R. 806	Congressional Pay for Performance Act
H.R. 807	To amend the Internal Revenue Code of 1986 to extend the transportation fringe benefit to bicycle commuters.
H.R. 808	Military Surviving Spouses Equity Act
H.R. 809	To make permanent the individual income tax rates for capital gains and dividends.
H.R. 810	Stem Cell Research Enhancement Act of 2005
H.R. 811	Soda Ash Royalty Reduction Act of 2005
H.R. 812	Dawson Family Community Protection Act
H.R. 813	Flu Protection Act of 2005
H.R. 814	To amend the Immigration and Nationality Act to provide for the automatic acquisition of citizenship by certain individuals born in Korea, Vietnam, Laos, Kampuchea, or Thailand.
H.R. 815	Financial Customer Identification Verification Improvement Act
H.R. 816	Nevada National Forest Land Disposal Act of 2005
H.R. 817	Animal Fighting Prohibition Enforcement Act of 2005
H.R. 818	Federal Acupuncture Coverage Act of 2005
H.R. 819	Retirement Security for Life Act of 2005
H.R. 820	To amend the Immigration and Nationality Act to reauthorize the State Criminal Alien Assistance Program.
H.R. 821	To amend title 38, United States Code, to extend the requirement for reports from the Secretary of Veterans Affairs on the disposition of cases recommended to the Secretary for equitable relief due to administrative error.
H.R. 822	Foster Care Mentoring Act of 2005
H.R. 823	Keeping Families Together Act
H.R. 824	To award a congressional gold medal to Ray Charles in recognition of his many contributions to the Nation.
H.R. 825	Gold Restitution Act of 2005
H.R. 827	Screening Abdominal Aortic Aneurysms Very Efficiently (SAAAVE) Act of 2005
H.R. 828	Commission on American Jobs Act
H.R. 829	To make certain companies that have outsourced jobs during the previous five years ineligible for the receipt of Federal grants, Federal contracts, Federal loan guarantees, and other Federal funding, and for other purposes.
H.R. 830	To limit the redistricting that States may do after an apportionment of Representatives.
H.R. 831	To amend title 38, United States Code, to increase the allowance for burial expenses of certain veterans buried in private or State-owned cemeteries.
H.R. 832	To amend title 10, United States Code, to increase to $100,000 the amount payable under the Department of Defense death gratuity program and to amend title 38, United States Code, to increase to $400,000 the maximum coverage under the Servicemembers' Group Life Insurance program.
H.R. 833	To amend the Truth in Lending Act to require a store in which a consumer may apply to open a credit or charge card account to display a sign, at each location where the application may be made, containing the same information required by such Act to be prominently placed in a tabular format on the application.
H.R. 834	Federal Election Integrity Act of 2005
H.R. 835	To recognize the organization known as the National Academies of Practice.
H.R. 836	To require the Secretary of Defense to take such actions as are necessary to change the reimbursement rates and cost sharing requirements under the TRICARE program to be the same as, or as similar as possible to, the reimbursement rates and cost sharing requirements under the Blue Cross/Blue Shield Standard Plan provided under the Federal Employee Health Benefit program under chapter 89 of title 5, United States Code.
H.R. 837	Taxpayer Protection Against Wasteful Energy Credits Act
H.R. 838	HOPE at HOME Act
H.R. 839	Restore Scientific Integrity to Federal Research and Policymaking Act
H.R. 840	Ryan Haight Internet Pharmacy Consumer Protection Act of 2005
H.R. 841	Continuity in Representation Act of 2005
H.R. 842	To extend the Nazi War Crimes and Japanese Imperial Government Records Interagency Working Group for 2 years.
H.R. 843	Hawaii Water Resources Act of 2005
H.R. 844	To amend the Richard B. Russell National School Lunch Act to provide for automatic eligibility for free school lunch and breakfast programs to children of parents who are enlisted members of the Armed Forces on active duty.
H.R. 845	Emergency Spending Control Act of 2005
H.R. 846	Homeowners' Insurance Availability Act of 2005
H.R. 847	Restoring the Everglades, an American Legacy Act of 2005
H.R. 848	To provide that the income tax shall not apply for taxable years during which the taxpayer, or either spouse of a married couple, is serving in the war in Iraq.
H.R. 849	To provide for the conveyance of certain public land in Clark County, Nevada, for use as a heliport.
H.R. 850	To amend chapter 95 of the Internal Revenue Code of 1986 to establish a uniform date for the release of payments from the Presidential Election Campaign Fund to eligible candidates for election to the office of President of the United States.
H.R. 851	Wild Sky Wilderness Act of 2005
H.R. 852	Duwamish Tribal Recognition Act
H.R. 855	To amend the Reclamation Wastewater and Groundwater Study and Facilities Act to authorize the Secretary of the Interior to participate in the Brownsville Public Utility Board water recycling and desalinization project.
H.R. 857	American-Owned Property in Occupied Cyprus Claims Act
H.R. 858	Social Security for Americans Only Act of 2005
H.R. 859	To amend the Farm Security and Rural Investment Act of 2002 to extend contracts for national dairy market loss payments through the end of fiscal year 2007.
H.R. 861	To amend the Ysleta del Sur Pueblo and Alabama and Coushatta Indian Tribes of Texas Restoration Act to decrease the requisite blood quantum required for membership in the Ysleta del Sur Pueblo tribe.
H.R. 862	To redesignate the Rio Grande American Canal in El Paso, Texas, as the "Travis C. Johnson Canal".
H.R. 863	To amend the Reclamation Wastewater and Groundwater Study and Facilities Act to authorize the Secretary of the Interior to participate in the El Paso, Texas, water reclamation, reuse, and desalinization project, and for other purposes.
H.R. 865	To amend title 28, United States Code, to clarify that persons may bring private rights of actions against foreign states for certain terrorist acts, and for other purposes.
H.R. 867	Openness Promotes Effectiveness in our National Government Act of 2005
H.R. 868	MediFair Act of 2005
H.R. 870	PhRMA Act of 2005
H.R. 871	War Funding Accountability Act
H.R. 872	Improving Access to Nurse-Midwifery Care Act of 2005
H.R. 874	Secret Ballot Protection Act of 2005
H.R. 875	Public Safety and Protection Investment Act of 2005
H.R. 876	To amend part E of title IV of the Social Security Act to increase payments to States for expenditures for short term training of staff of certain child welfare agencies.
H.R. 877	To amend the Internal Revenue Code of 1986 to expand the expensing of environmental remediation costs.
H.R. 878	Electric Reliability Improvement Act of 2005
H.R. 879	To amend the Solid Waste Disposal Act to provide for secondary containment to prevent MTBE and petroleum contamination.
H.R. 880	To amend part C of title XVIII of the Social Security Act to require Medicare Advantage (MA) organizations to pay for critical access hospital services and rural health clinic services at a rate that is at least 101 percent of the payment rate otherwise applicable under the Medicare Program.
H.R. 881	Mercury-Free Vaccines Act of 2005
H.R. 882	To require the National Oceanic and Atmospheric Administration, through the National Weather Service, to establish a tsunami hazard mitigation program for all United States coastal States and insular areas.
H.R. 883	Rural Housing Tax Credit Act of 2005
H.R. 885	To authorize the extension of nondiscriminatory treatment (normal trade relations treatment) to the products of Ukraine.
H.R. 886	TRADE Act of 2005
H.R. 887	Supply Our Soldiers Act of 2005
H.R. 888	To amend the Omnibus Parks and Public Lands Management Act of 1996 to extend the authorization for certain national heritage areas, and for other purposes.
H.R. 890	Tsunami Early Warning and Relief Act of 2005
H.R. 891	To provide for the award of a gold medal on behalf of the Congress to Tiger Woods, in recognition of his service to the Nation in promoting excellence and good sportsmanship, and in breaking barriers with grace and dignity by showing that golf is a sport for all people.
H.R. 892	To provide for the award of a gold medal on behalf of Congress to Arnold Palmer in recognition of his service to the Nation in promoting excellence and good sportsmanship in golf.
H.R. 893	Wartime Parity and Justice Act of 2005
H.R. 894	Low-Income Taxpayer Protection Act of 2005
H.R. 895	Nuclear Waste Terrorist Threat Assessment and Protection Act
H.R. 896	Calling for 2-1-1 Act of 2005
H.R. 897	To restore and make permanent the exclusion from gross income for amounts received under qualified group legal services plans and to increase the maximum amount of the exclusion.
H.R. 898	Stroke Treatment and Ongoing Prevention Act
H.R. 899	SSI Extension for Elderly and Disabled Refugees Act
H.R. 900	Compassionate Visitor Visa Act
H.R. 901	To amend the Immigration and Nationality Act to give priority in the issuance of immigrant visas to the sons and daughters of Filipino World War II veterans who are or were naturalized citizens of the United States, and for other purposes.
H.R. 904	To provide for the disposition of United States Government uranium inventories.
H.R. 905	Coal Leasing Amendments Act of 2005
H.R. 907	To amend the Outer Continental Shelf Lands Act to authorize the Secretary of the Interior to grant easements and rights-of-way on the Outer Continental Shelf for activities otherwise authorized by that Act.
H.R. 908	Witness Security and Protection Act of 2005
H.R. 909	Hazardous Materials Cooperative Research Act of 2005
H.R. 910	Medicaid Community-Based Attendant Services and Support Act of 2005
H.R. 911	Reopen Reagan National to General Aviation Act of 2005
H.R. 912	Humanitarian Assistance Code of Conduct Act of 2005
H.R. 913	Broad-Based Stock Option Plan Transparency Act
H.R. 914	Truth in Spending Act of 2005
H.R. 915	Cultural Conservation of the Crossroads of Civilization Act
H.R. 916	Medicare Access to Rehabilitation Services Act of 2005
H.R. 917	Better Access to Chiropractors to Keep our Veterans Healthy Act (BACK Veterans Health Act)
H.R. 918	Medicare Prescription Drug Cost Containment Act of 2005
H.R. 919	To amend the Internal Revenue Code of 1986 to treat certain publicly-traded debt issued or guaranteed by Federal, State, or local governments as qualified nonrecourse financing.
H.R. 920	To amend the Internal Revenue Code of 1986 to modify the treatment of qualified restaurant property as 15-year property for purposes of the depreciation deduction.
H.R. 921	Minority Serving Institution Digital and Wireless Technology Opportunity Act of 2005
H.R. 922	Veterans Mental Health Services Enhancement Act of 2005
H.R. 923	Supply Our Soldiers Act of 2005
H.R. 924	To amend the Internal Revenue Code of 1986 to allow a deduction from gross income for uncompensated education costs incurred by veterans' survivors and dependents who are in receipt of educational assistance under chapter 35 of title 38, United States Code.
H.R. 925	Identification Integrity Act of 2005
H.R. 926	VA Police Powers Act
H.R. 927	Presidential Sites Improvement Act
H.R. 928	International Remittance Consumer Protection Act of 2005
H.R. 929	To designate Pennsylvania State Route 60 and United States Routes 22 and 30 as part of the Dwight D. Eisenhower National System of Interstate and Defense Highways, and for other purposes.
H.R. 930	Motorsports Fairness and Permanency Act of 2005
H.R. 931	Congressional Responsibility Act of 2005
H.R. 932	Ronald Reagan Commemorative Coin Act of 2005
H.R. 933	To grant a Federal charter to the National American Indian Veterans, Incorporated.
H.R. 934	SERVE Act of 2005
H.R. 935	Free and Fair Elections in Ethiopia Act
H.R. 936	To provide for immigration relief in the case of certain immigrants who are innocent victims of immigration fraud.
H.R. 937	To direct the Architect of the Capitol to enter into a contract to revise the statue commemorating women's suffrage located in the rotunda of the United States Capitol to include a likeness of Sojourner Truth.
H.R. 938	Upper Housatonic Valley National Heritage Area Act
H.R. 939	Count Every Vote Act of 2005
H.R. 941	More Money for College Act
H.R. 942	Safety, Accountability, and Funding Efficiency for Transportation Act of 2005
H.R. 943	Foam Fire Safety Act
H.R. 944	Training and Research in Urology Act of 2005
H.R. 945	New Partnership for Haiti Act of 2005
H.R. 946	To establish the Independent Commission on the 2004 Coup d'Etat in the Republic of Haiti.
H.R. 947	Child Protection and Home Safety Act of 2005
H.R. 948	To amend title 10, United States Code, to provide that members of the National Guard who served in the counties declared Federal disasters areas in response to the September 11, 2001, terrorist attacks on the United States, and who served under State duty so that they could immediately assist in the response to the terrorist attacks should have that service counted as Federal active duty for purposes of military retirement credit.
H.R. 949	Women's Health Office Act of 2005
H.R. 950	Prevention of Trafficking of Tsunami Orphans Act of 2005
H.R. 951	Video Description Restoration Act of 2005
H.R. 952	Torture Outsourcing Prevention Act
H.R. 953	Social Investment and Economic Development Fund for the Americas Act of 2005
H.R. 954	Rural Transportation Act
H.R. 955	National Greenhouse Gas Emissions Inventory Act of 2005
H.R. 956	Freedom's Way National Heritage Area Act
H.R. 957	To clarify the authorities for the use of certain National Park Service properties within Golden Gate National Recreation Area and San Francisco Maritime National Historical Park, and for other purposes.
H.R. 958	Citizen Involvement in Campaigns Act of 2005
H.R. 959	Transit System Flexibility Protection Act of 2005
H.R. 960	Federal Law Enforcement Pension Adjustment Equity Act of 2005
H.R. 961	Social Security Fairness Act of 2005
H.R. 962	To amend title 10, United States Code, to allow faculty members at Department of Defense service academies and schools of professional military education to secure copyrights for certain scholarly works that they produce as part of their official duties in order to submit such works for publication, and for other purposes.
H.R. 963	Children's Compassionate Care Act of 2005
H.R. 964	To amend title XVIII of the Social Security Act to recognize the services of respiratory therapists under the plan of care for home health services.
H.R. 965	To hold accountable Members of Congress who advocate on behalf of a foreign person or commercial entity for the purpose of influencing or seeking a change in a law or regulation of the United States that would ease any restriction on a state sponsor of terrorism, and for other purposes.
H.R. 966	To require the Nuclear Regulatory Commission to consider certain criteria in relicensing nuclear facilities, and to provide for an independent assessment of the Oyster Creek Nuclear Generating Station by the National Academy of Sciences prior to any relicensing of that facility.
H.R. 967	To provide that normal trade relations treatment may not be extended to the products of any country the government of which engages in certain violations of human rights.
H.R. 968	To amend title 10, United States Code, to change the effective date for paid-up coverage under the military Survivor Benefit Plan from October 1, 2008, to October 1, 2005.
H.R. 969	Taxpayer Abuse Prevention Act
H.R. 970	Gang Prevention and Effective Deterrence Act of 2005
H.R. 972	Trafficking Victims Protection Reauthorization Act of 2005
H.R. 973	Program Reform Commission Act
H.R. 974	Corporate Subsidy Reform Commission Act
H.R. 976	Long-Term Care Act of 2005
H.R. 977	To amend the Occupational Safety and Health Act of 1970 with respect to enforcement provisions.
H.R. 978	To amend the Occupational Safety and Health Act of 1970 with respect to enforcement provisions.
H.R. 979	To amend the Occupational Safety and Health Act of 1970 with respect to enforcement provisions.
H.R. 980	To amend the Occupational Safety and Health Act of 1970 with respect to enforcement provisions.
H.R. 981	To amend the Occupational Safety and Health Act of 1970 with respect to enforcement provisions.
H.R. 982	Expedited Rescissions Act of 2005
H.R. 983	To amend title VI of the Public Utility Regulatory Policies Act of 1978 to establish a Federal renewable energy portfolio standard for certain retail electric utilities, and for other purposes.
H.R. 984	To designate the United States courthouse at South Federal Place in Santa Fe, New Mexico, as the "Santiago E. Campos United States Courthouse".
H.R. 985	Bipartisan Commission on Medicaid Act of 2005
H.R. 986	Teacher Tax Credit Act of 2005
H.R. 987	Annie Fox Act
H.R. 988	National Park Anniversaries-Great American Spaces Commemorative Coin Act
H.R. 989	For the relief of Ashley Ross Fuller.
H.R. 990	To provide for the transfer of the decommissioned destroyer ex-U.S.S. Forrest Sherman (DD-931) to the USS Forrest Sherman DD-931 Foundation, Inc., a nonprofit organization under the laws of the State of Maryland.
H.R. 991	For the relief of Michael Dvorkin.
H.R. 992	For the relief of Zdenko Lisak.
H.R. 993	For the relief of Van Lien Tran, Xuan Mai T. Che, Lien Mai Binh Tran, Kim Hoan Thi Nguyen, and Nam V. Nguyen.
H.R. 1034	For the relief of Jose Manuel Guzman-Morales.
H.R. 1047	Pentagon 9/11 Memorial Commemorative Coin Act of 2005
H.R. 1050	Living Wage, Jobs For All Act
H.R. 1057	True American Heroes Act of 2005
H.R. 1067	For the relief of John Castellano.
H.R. 1107	Full Funding for IDEA Now Act of 2005
H.R. 1115	To amend the Harmonized Tariff Schedule of the United States to clarify the tariff rate for certain mechanics' gloves.
H.R. 1142	Child Modeling Exploitation Prevention Act
H.R. 1144	Medicare Dual Eligible Prescription Drug Coverage Act of 2005
H.R. 1154	To provide for the retention of the name of the geologic formation known as "Devils Tower" at the Devils Tower National Monument in the State of Wyoming.
H.R. 1166	Long Term Care Quality Improvement Act of 2005
H.R. 1173	State and Local Predatory Towing Enforcement Act
H.R. 1204	Rockies Prosperity Act
H.R. 1209	To designate the facility of the United States Postal Service located at 1915 Fulton Street in Brooklyn, New York, as the "Congresswoman Shirley A. Chisholm Post Office Building".
H.R. 1268	Emergency Supplemental Appropriations Act for Defense, the Global War on Terror, and Tsunami Relief, 2005
H.R. 1293	Access and Equity in Higher Education Act
H.R. 1295	Responsible Lending Act
H.R. 1298	Kidney Care Quality and Improvement Act of 2005
H.R. 1317	Federal Employee Protection of Disclosures Act
H.R. 1336	To amend the Harmonized Tariff Schedule of the United States to clarify the classification of laser light sources for semiconductor manufacturing.
H.R. 1349	Regional Economic and Infrastructure Development Act of 2005
H.R. 1369	To prevent certain discriminatory taxation of natural gas pipeline property.
H.R. 1376	Family Smoking Prevention and Tobacco Control Act
H.R. 1442	To complete the codification of title 46, United States Code, "Shipping", as positive law.
H.R. 1539	To amend the Public Health Service Act with respect to the responsibilities of a pharmacy when a pharmacist employed by the pharmacy refuses to fill a valid prescription for a drug on the basis of religious beliefs or moral convictions, and for other purposes.
H.R. 1608	Fuels Security Act of 2005
H.R. 1679	To make supplemental appropriations for fiscal year 2005 to ensure the inclusion of commonly used pesticides in State source water assessment programs, and for other purposes.
H.R. 1681	Quality Education for All Act
H.R. 1684	Internet Tax Nondiscrimination Act of 2005
H.R. 1685	Internet Consumer Protection Act of 2005
H.R. 1706	To direct the Secretary of Energy to conduct a program in partnership with the private sector to accelerate efforts of domestic automobile manufacturers to manufacture commercially available competitive hybrid vehicle technologies in the United States.
H.R. 1744	Common Sense Automobile Efficiency Act of 2005
H.R. 1815	National Defense Authorization Act for Fiscal Year 2006
H.R. 1834	Efficient Energy Through Certified Technology and Electricity Reliability (EFFECTER) Act of 2005
H.R. 1843	To suspend temporarily the duty on MCPA.
H.R. 1844	To suspend temporarily the duty on Bronate Advanced.
H.R. 1845	To suspend temporarily the duty on Bromoxynil Octanoate Tech.
H.R. 1846	To suspend temporarily the duty on Bromoxynil MEO.
H.R. 1847	To redesignate the National Scientific Balloon Facility in Palestine, Texas, as the "Columbia Scientific Balloon Center".
H.R. 1848	To suspend temporarily the duty on certain bitumen-coated polyethylene sleeves specifically designed to protect in-ground wood posts.
H.R. 1850	Cigarette Fire Safety Act of 2005
H.R. 1851	To suspend temporarily the duty on nylon woolpacks used to package wool.
H.R. 1852	To direct the Secretary of the Interior to extend certain water contracts in Idaho, and for other purposes.
H.R. 1853	To ensure that the total amount of funds awarded to a State under part A of title I of the Elementary and Secondary Education Act of 1965 for each of fiscal years 2005 and 2006 is not less than the total amount of funds awarded to the State under such part for fiscal year 2003.
H.R. 1854	To suspend temporarily the duty on magnesium zinc aluminum hydroxide carbonate hydrate.
H.R. 1855	To extend the temporary suspension of duty on magnesium aluminum hydroxide carbonate hydrate.
H.R. 1856	To extend the temporary duty suspension on C12-18 Alkenes.
H.R. 1857	To extend the temporary suspension of duty on polytetramethylene ether glycol.
H.R. 1858	To extend the temporary suspension of duty on cis-3-Hexen-1-ol.
H.R. 1859	Education for Public Service Act of 2005
H.R. 1860	To amend the Bankruptcy Abuse Prevention and Consumer Protection Act of 2005 to exempt from the means test in bankruptcy cases, for a limited period, qualifying reserve-component members who, after September 11, 2001, are called to active duty or to perform a homeland defense activity for not less than 60 days.
H.R. 1863	Arts Education Advancement Act of 2005
H.R. 1865	To direct the Secretary of the Interior to release the condition on a portion of land adjacent to the community of Beaver, Alaska, and for other purposes.
H.R. 1866	To facilitate shareholder consideration of making Settlement Common Stock under the Alaska Native Claims Settlement Act available to Alaska Natives born after December 18, 1971, descendants of Alaska Natives born after December 18, 1971, missed enrollees, and Native Elders, and for other purposes.
H.R. 1867	For the relief of Mohammed Manir Hossain, Ferdous Ara Manir, and Maish Samiha Manir.
H.R. 1868	Small Business Access to Capital Act of 2005
H.R. 1869	Strategic Communication Act of 2005
H.R. 1870	Disaster Recovery Act of 2005
H.R. 1872	Health Coverage for the Uninsured Act of 2005
H.R. 1874	To improve national pier inspections and safety standards.
H.R. 1876	Friends of the Children National Demonstration Act
H.R. 1887	To suspend temporarily the duty on Spiroxamine.
H.R. 1888	To suspend temporarily the duty on Spiromesifen.
H.R. 1889	To extend the temporary suspension of duty on Ethoprop.
H.R. 1890	To suspend temporarily the duty on Propiconazole.
H.R. 1891	To suspend temporarily the duty on 4-Chlorobenzaldehyde.
H.R. 1892	To suspend temporarily the duty on Oxadiazon.
H.R. 1893	To extend the temporary suspension of duty on 2-Chlorobenzyl chloride.
H.R. 1894	To suspend temporarily the duty on NaHP.
H.R. 1895	To extend the temporary suspension of duty on Iprodione.
H.R. 1896	To extend the temporary suspension of duty on Fosetyl-Al.
H.R. 1897	To extend the temporary suspension of duty on Flufenacet (FOE Hydroxy).
H.R. 1902	Healthy Families Act
H.R. 1912	Emergency Immigration Workload Reduction and Homeland Security Enhancement Act of 2005
H.R. 1913	To suspend temporarily the duty on ACRYPET UT100.
H.R. 1927	To reduce temporarily the duty on unit asy-battery hi volt.
H.R. 1928	To allow the entry of certain United States-origin defense articles into bonded warehouses and foreign-trade zones.
H.R. 1929	To amend the Internal Revenue Code of 1986 to update the optional methods for computing net earnings from self-employment.
H.R. 1930	To amend the Agricultural Credit Act of 1987 to reauthorize State mediation programs.
H.R. 1931	Foreign Felon Gun Prohibition Act
H.R. 1932	To amend title 10, United States Code, to standardize the grade specified by law for the senior dental officer of the Air Force with that of the senior dental officer of the Army.
H.R. 1933	Native Act to Transform Imagery in Various Environments
H.R. 1934	To suspend temporarily the duty on certain vinyl chloride-vinyl acetate copolymers.
H.R. 1936	To suspend temporarily the duty on Flonicamid.
H.R. 1937	To suspend temporarily the duty on Bifenthrin.
H.R. 1940	Melanie Blocker-Stokes Postpartum Depression Research and Care Act
H.R. 1945	To provide temporary duty reductions for certain cotton fabrics, and for other purposes.
H.R. 1946	Medicare Mental Health Modernization Act of 2005
H.R. 1948	To provide for the reliquidation of certain entries.
H.R. 1949	To provide for the reliquidation of certain entries.
H.R. 1950	Robo COP Act: Robo Calls Off Phones
H.R. 1951	American Veterans Disabled for Life Commemorative Coin
H.R. 1952	To require that certain measures be taken with respect to countries of concern regarding terrorist financing.
H.R. 1954	Hunger Relief Trucking Tax Credit Act
H.R. 1955	Small Employers Health Benefits Program Act of 2005
H.R. 1956	Business Activity Tax Simplification Act of 2006
H.R. 1960	Pension Preservation and Savings Expansion Act of 2005
H.R. 1974	Flag Protection Act of 2005
H.R. 2060	To amend the Bankruptcy Abuse Prevention and Consumer Protection Act of 2005 to exempt from the means test in bankruptcy cases, for a limited period, qualifying reserve-component members who, after September 11, 2001, are called to active duty or to perform a homeland defense activity for not less than 60 days.
H.R. 2071	FamilyCare Act of 2005
H.R. 2123	School Readiness Act of 2005
H.R. 2133	Health Security for All Americans Act
H.R. 2143	To suspend temporarily the duty on Anthra[2,1,9-mna]naphth[2,3-h]acridine-5,10,15(16H)-trione,3 -[(9,10-dihydro-9,10-dioxo-1-anthracenyl)amino]-.
H.R. 2182	National Enterprise Zone Act of 2005
H.R. 2194	Law Enforcement Protection Act of 2005
H.R. 2198	To suspend temporarily the duty on fixed ratio speed changers for truck-mounted concrete mixers.
H.R. 2214	To suspend temporarily the duty on formulations of triasulfuron and dicamba.
H.R. 2284	Transportation Empowerment Act
H.R. 2290	Family Budget Protection Act of 2005
H.R. 2330	Secure America and Orderly Immigration Act
H.R. 2355	Health Care Choice Act of 2005
H.R. 2360	Department of Homeland Security Appropriations Act, 2006
H.R. 2361	Department of the Interior, Environment, and Related Agencies Appropriations Act, 2006
H.R. 2419	Energy and Water Development Appropriations Act, 2006
H.R. 2474	Living Organ Donor Tax Credit Act of 2005
H.R. 2517	To amend chapters 83 and 84 of title 5, United States Code, to provide for the indexation of deferred annuities; to provide that a survivor annuity be provided to the widow or widower of a former employee who dies after separating from Government service with title to a deferred annuity under the Civil Service Retirement System but before establishing a valid claim therefor, and for other purposes.
H.R. 2528	Military Quality of Life and Veterans Affairs Appropriations Act, 2006
H.R. 2531	To amend titles 10 and 14, United States Code, to provide for the use of gold in the metal content of the Medal of Honor.
H.R. 2620	No More Tulias: Drug Law Enforcement Evidentiary Standards Improvement Act of 2005
H.R. 2623	To require States to conduct DNA tests to ascertain the degree of genetic relatedness between two or more persons in accordance with a national standard.
H.R. 2627	To require the Federal Trade Commission to monitor and investigate gasoline prices under certain circumstances.
H.R. 2628	To modify certain deadlines pertaining to machine-readable, tamper-resistant entry and exit documents.
H.R. 2629	Positive Aging Act of 2005
H.R. 2632	To suspend temporarily the duty on 3,3'-Dichlorobenzidine Dihydrochloride.
H.R. 2633	Department of Defense Historical Radiation Records Preservation Act
H.R. 2634	Offshore Fairness Act of 2005
H.R. 2641	To require the Defense Base Closure and Realignment Commission to take into consideration the homeland security contributions and value of military installations when the Commission conducts its review and analysis of the list of military installations recommended for closure or realignment by the Secretary of Defense.
H.R. 2664	Biennial Budgeting and Appropriations Act of 2005
H.R. 2665	To encourage the availability and use of motor vehicles that have improved fuel efficiency, in order to reduce the need to import oil into the United States.
H.R. 2674	To waive time limitations specified by law in order to allow the Medal of Honor to be awarded posthumously to Richard L. Etchberger of Hamburg, Pennsylvania, for acts of valor on March 11, 1968, while an Air Force Chief Master Sergeant serving in Southeast Asia during the Vietnam era.
H.R. 2716	Medicaid Advanced Practice Nurses and Physician Assistants Access Act of 2005
H.R. 2744	Agriculture, Rural Development, Food and Drug Administration, and Related Agencies Appropriations Act, 2006
H.R. 2799	Rachel Granger Act of 2005
H.R. 2862	Science, State, Justice, Commerce, and Related Agencies Appropriations Act, 2006
H.R. 2863	Department of Defense, Emergency Supplemental Appropriations to Address Hurricanes in the Gulf of Mexico, and Pandemic Influenza Act, 2006
H.R. 2878	Liberty Bill Act
H.R. 2985	Legislative Branch Appropriations Act, 2006
H.R. 3010	Departments of Labor, Health and Human Services, and Education, and Related Agencies Appropriations Act, 2006
H.R. 3039	To enact title 51, United States Code, "National and Commercial Space Programs", as positive law.
H.R. 3045	Dominican Republic-Central America-United States Free Trade Agreement Implementation Act
H.R. 3057	Foreign Operations, Export Financing, and Related Programs Appropriations Act, 2006
H.R. 3058	Transportation, Treasury, Housing and Urban Development, the Judiciary, the District of Columbia, and Independent Agencies Appropriations Act, 2006
H.R. 3062	Underground Storage Tank Compliance Act of 2005
H.R. 3066	To amend the Harmonized Tariff Schedule of the United States to provide separate tariff categories for certain tractor body parts.
H.R. 3067	To amend the Harmonized Tariff Schedule of the United States to provide a new subheading for certain log forwarders used as motor vehicles for the transport of goods for duty-free treatment consistent with other agricultural use log handling equipment.
H.R. 3072	To revive the system of parole for Federal prisoners, and for other purposes.
H.R. 3080	Parents' Tax Relief Act of 2005
H.R. 3093	To suspend temporarily the duty on 3,3',4-4'-Biphenyltetracarboxylic Dianhydride (BPDA).
H.R. 3097	Federal Employee Protection of Disclosures Act
H.R. 3102	Making emergency supplemental appropriations for the Department of Veterans Affairs for fiscal year 2005 for veterans medical services.
H.R. 3130	Making supplemental appropriations for fiscal year 2005 for veterans medical services.
H.R. 3136	Making emergency supplemental appropriations for the Department of Veterans Affairs for fiscal year 2005 for veterans medical services.
H.R. 3191	Multilateral Debt Relief Act of 2005
H.R. 3192	Paid Family and Medical Leave Act of 2005
H.R. 3252	Fostering Adoption to Further Student Achievement Act
H.R. 3346	To suspend temporarily the duty on 2 benzylthio-3-ethyl sulfonyl pyridine.
H.R. 3351	Native American Technical Corrections Act of 2006
H.R. 3402	Violence Against Women and Department of Justice Reauthorization Act of 2005
H.R. 3415	To suspend temporarily the duty on mixture of magnesium peroxide and magnesium oxide containing 35 percent magnesium peroxide.
H.R. 3479	Internet Safety and Child Protection Act of 2005
H.R. 3508	2005 District of Columbia Omnibus Authorization Act
H.R. 3518	To amend title 28, United States Code, to divide New Jersey in 2 judicial districts.
H.R. 3537	Hawai'i Volcanoes National Park Expansion Act of 2005
H.R. 3592	Education for the 21st Century (E-21) Act
H.R. 3645	Emergency Supplemental Appropriations Act to Meet Immediate Needs Arising From the Consequences of Hurricane Katrina, 2005
H.R. 3673	Second Emergency Supplemental Appropriations Act to Meet Immediate Needs Arising From the Consequences of Hurricane Katrina, 2005
H.R. 3697	Hurricane Katrina Bankruptcy Relief and Community Protection Act of 2005
H.R. 3698	Temporary Medicaid Disaster Relief Act of 2005
H.R. 3702	Agricultural Assistance Act of 2005
H.R. 3708	Hurricane Katrina Mental Health Relief Act of 2005
H.R. 3749	Gulf State Community Renewal Commission Act
H.R. 3762	To require higher standards of automobile fuel efficiency in order to reduce the amount of oil used for fuel by automobiles in the United States by 10 percent beginning in 2016, and for other purposes.
H.R. 3786	To modify requirements under the emergency relief program under title 23, United States Code, with respect to projects for repair or reconstruction in response to damage caused by Hurricane Katrina.
H.R. 3800	To amend title XIX of the Social Security Act to extend for 1 year the qualified individual (QI) program of Medicare cost-sharing assistance to low-income Medicare beneficiaries.
H.R. 3840	For the relief of David Adekoya.
H.R. 3849	PIC and POPs Conventions and the LRTAP POPs Protocol Implementation Act
H.R. 3860	Protecting Our Children Act of 2005
H.R. 3877	To suspend temporarily the duty on certain parts of machinery for molding and forming certain articles.
H.R. 3878	To suspend temporarily the duty on certain parts of machinery for molding and forming certain articles.
H.R. 3879	To suspend temporarily the duty on certain parts of machinery for molding and forming certain articles.
H.R. 3893	Gasoline for America's Security Act of 2005
H.R. 3898	Entrepreneur Soldiers Empowerment Act
H.R. 3899	Small Employer Defined Benefit Expansion Act
H.R. 3906	To make 5 percent across-the-board rescissions in non-defense, non-homeland-security discretionary spending for fiscal year 2006.
H.R. 3907	Helpers Job Opportunity Act
H.R. 3908	Charitable Giving Act of 2005
H.R. 3911	To amend the Immigration and Nationality Act to exempt members of the Armed Forces from naturalization requirements relating to English language, knowledge of government, good moral character, and period of service.
H.R. 3912	Flexible Retirement Security for Life Act of 2005
H.R. 3914	To suspend temporarily the duty on 2 Benzylthio-nicotinic acid.
H.R. 3915	Black Lung Disability Trust Fund Debt Restructuring Act
H.R. 3916	Millennium Challenge Environmental Accountability Act
H.R. 3917	Large Employer Medicaid and SCHIP Responsibility Act of 2005
H.R. 3918	Outer Continental Shelf Energy Relief Act
H.R. 3926	To prohibit certain transfers or assignments of franchises, and to prohibit certain fixing or maintaining of motor fuel prices, under the Petroleum Marketing Practices Act.
H.R. 3927	For the relief of Sung Hee Kim.
H.R. 3931	Downed Animal Protection Act
H.R. 3932	Human Cloning Ban Act of 2005
H.R. 3933	Suburban and Community Forestry and Open Space Program Act of 2005
H.R. 3939	Entrepreneur Soldiers Empowerment Act
H.R. 3940	Ensure Prescription Drug Coverage Act of 2005
H.R. 3944	Small Business Fuel Cost Relief Act of 2005
H.R. 3952	Emergency Health Care Relief Act of 2005
H.R. 3953	To authorize 4 permanent and 1 temporary additional judgeships for the middle district of Florida, and 3 additional permanent judgeships for the southern district of Florida.
H.R. 3958	Louisiana Katrina Reconstruction Act
H.R. 3964	Eliminate Gas Price Discrimination Act
H.R. 3965	Preserving the Sacredness of our National Cemeteries Act
H.R. 3990	To suspend temporarily the duty on Pigment Yellow 219.
H.R. 3991	To suspend temporarily the duty on Pigment Blue 80.
H.R. 3993	To suspend temporarily the duty on Pigment Yellow 180.
H.R. 3996	To suspend temporarily the duty on Pigment Yellow 214.
H.R. 4093	Federal Judgeship and Administrative Efficiency Act of 2005
H.R. 4094	Redistricting Reform Act of 2005
H.R. 4103	Medicare Advantage and Prescription Drug Accountability Act of 2005
H.R. 4142	Medicaid Transformation Grant Act of 2005
H.R. 4153	Medicaid Cash and Counseling Program Act of 2005
H.R. 4159	Department of Veterans Affairs Prosthetics Employees Standards Act of 2005
H.R. 4164	Helping America Hear Act of 2005
H.R. 4194	Internet Anti-Corruption and Free Speech Protection Act of 2005
H.R. 4196	To establish a National Foreign Language Coordination Council.
H.R. 4198	Safe Drinking Water for All Act
H.R. 4199	Superfund Revenue Reinstatement Act of 2005
H.R. 4201	Joseph E. Keane Federal Employees Freedom Act
H.R. 4203	Windfall Profits Rebate Act of 2005
H.R. 4205	National Earthquake Preparedness, Response, and Recovery Act
H.R. 4213	Elimination of Barriers for Katrina Victims Act
H.R. 4218	Affordable Health Care for Americans Act of 2005
H.R. 4221	Farmers Tax Deferral Act
H.R. 4225	Victims of Violence Confidentiality Act of 2005
H.R. 4236	To amend the Internal Revenue Code of 1986 to treat certain farming business machinery and equipment as 5-year property for purposes of depreciation.
H.R. 4241	Deficit Reduction Act of 2005
H.R. 4247	To improve mathematics and science instruction in elementary and secondary schools by authorizing the Secretary of Education to make grants for regional workshops designed to permit educators to share successful strategies for such instruction.
H.R. 4313	TRUE Enforcement and Border Security Act of 2005
H.R. 4338	Combat Merchant Mariners Veterans Benefits Act of 2005
H.R. 4340	United States-Bahrain Free Trade Agreement Implementation Act
H.R. 4403	Community and Rural Medical Residency Preservation Act of 2005
H.R. 4409	Fuel Choices for American Security Act of 2005
H.R. 4411	Internet Gambling Prohibition and Enforcement Act
H.R. 4437	Border Protection, Antiterrorism, and Illegal Immigration Control Act of 2005
H.R. 4468	Enhancing America's Guard and Reserve Act
H.R. 4471	Fair and Responsible Lending Act
H.R. 4520	Medicare Physician Payment Reform Act of 2005
H.R. 4569	Digital Transition Content Security Act of 2005
H.R. 4573	To increase the renewable fuel content of gasoline sold in the United States by the year 2025 to 25 billion gallons, to require Federal agencies to use ethanol and biodiesel in government vehicles, and for other purposes.
H.R. 4590	Employee Retirement Preservation Act
H.R. 4616	To provide for the liquidation or reliquidation of an entry of certain manufacturing equipment.
H.R. 4662	Consumer Telephone Records Protection Act of 2006
H.R. 4667	Lobbying Transparency and Accountability Act of 2006
H.R. 4671	Clarity in Lobbying Act
H.R. 4676	To direct the Secretary of the Interior to conduct a study to determine the feasibility and suitability of designating the 9-11 Memorial in West Orange, New Jersey, as unit of the National Park System, and for other purposes.
H.R. 4682	Honest Leadership and Open Government Act of 2006
H.R. 4683	Medicare for All Act
H.R. 4690	Foreign Agents Compulsory Ethics in Trade Act of 2006
H.R. 4692	Ethics in Foreign Lobbying Act of 2006
H.R. 4696	Restoring Trust in Government Act
H.R. 4707	Simplified USA Tax Act of 2006
H.R. 4745	Making supplemental appropriations for fiscal year 2006 for the Small Business Administration's disaster loans program, and for other purposes.
H.R. 4763	Methamphetamine Eradication Act
H.R. 4772	Private Property Rights Implementation Act of 2006
H.R. 4799	To establish the Office of Public Integrity as an independent office within the legislative branch of the Government, to reduce the duties of the Committee on Standards of Official Conduct of the House of Representatives and the Select Committee on Ethics of the Senate, and for other purposes.
H.R. 4831	To confirm as authorized, valid, and enforceable certain contractual rights of water users and water users organizations under the Strawberry Valley Project, Utah.
H.R. 4845	Innovation and Competitiveness Act
H.R. 4859	Federal Family Health Information Technology Act of 2006
H.R. 4890	Legislative Line Item Veto Act of 2006
H.R. 4913	Corrosion Prevention Act of 2006
H.R. 4920	Accountability and Transparency in Ethics Act
H.R. 4939	Emergency Supplemental Appropriations Act for Defense, the Global War on Terror, and Hurricane Recovery, 2006
H.R. 4944	Miscellaneous Trade and Technical Corrections Act of 2006
H.R. 4948	Ethics Reform Act of 2006
H.R. 4953	Great Lakes Fish and Wildlife Restoration Act of 2006
H.R. 4964	Earmark Transparency and Accountability Act of 2006
H.R. 4967	Sunlight Act of 2006
H.R. 4975	527 Reform Act of 2006
H.R. 4988	House Ethics Reform Act of 2006
H.R. 5004	To amend the Homeland Security Act of 2002 to provide for an Office of Intelligence and Analysis and an Office of Infrastructure Protection, and for other purposes.
H.R. 5058	Small Business Investment and Promotion Act of 2006
H.R. 5220	Veterans Certification and Licensure Act of 2006
H.R. 5255	American Flag Display Protection Act
H.R. 5256	Recreational Marine Preservation Act of 2006
H.R. 5257	Tax Cut for the Rest of Us Act of 2006
H.R. 5258	To suspend temporarily the duty on certain plasma flat panel displays.
H.R. 5260	To provide that any reduction in the hours of operation of Department of Veterans Affairs Medical Center emergency rooms may be implemented only after notice is provided to Congress and a period of 180 days has elapsed.
H.R. 5261	Ethanol Import Fairness Act
H.R. 5262	Tax Free Health Savings Act of 2006
H.R. 5263	To amend part D of title XVIII of the Social Security Act to extend the 2006 and 2007 initial enrollment periods for the Medicare prescription drug benefit and suspend the late enrollment penalty through December 31, 2007, to permit Medicare beneficiaries to change enrollment in a prescription drug plan during the first 12 months of enrollment, and to prevent changes in formularies other than at the time of open enrollment periods and only with advance notice.
H.R. 5264	Digital Television Consumer Education Act
H.R. 5265	Community Hazard Assessment and Mitigation Program Act
H.R. 5266	Genetically Engineered Crop and Animal Farmer Protection Act
H.R. 5267	Genetically Engineered Pharmaceutical and Industrial Crop Safety Act of 2005
H.R. 5268	Genetically Engineered Food Safety Act
H.R. 5269	Genetically Engineered Food Right to Know Act
H.R. 5270	Real Solutions to World Hunger Act of 2005
H.R. 5271	Genetically Engineered Organism Liability Act of 2005
H.R. 5272	Firefighters Special Operation Task Force Act
H.R. 5273	Network Neutrality Act of 2006
H.R. 5274	Boating Safety Tax Incentive Act
H.R. 5275	To establish the Silver Scholarship program to provide transferable educational awards to older individuals who have performed certain volunteer services.
H.R. 5276	Life-long Learning Opportunity Act of 2006
H.R. 5277	To amend the Older Americans Act of 1965 to require the Assistant Secretary, when making grants for multidisciplinary centers of gerontology and gerontology centers of special emphasis, to give preference with respect to such centers that are located at institutions of higher education in urban areas.
H.R. 5278	UNRWA Integrity Act
H.R. 5279	Oil and Gas Industry Antitrust Act of 2006
H.R. 5281	Campaign Reform Act of 2006
H.R. 5282	Southern California Desert Region Integrated Water and Economic Sustainability Plan Act
H.R. 5283	Granada Relocation Center National Historic Site Act of 2006
H.R. 5284	To establish an interagency task force to develop a national strategy to combat the increase in infertility in the United States.
H.R. 5285	Gas Tax Equity Act of 2006
H.R. 5286	Secure Traveler Improvement Act of 2006
H.R. 5287	Hunting Heritage Protection Act
H.R. 5288	Small Business Health Plans Act of 2006
H.R. 5289	Protection of University Governance Act of 2006
H.R. 5290	Stop Fraud in Iraq Act
H.R. 5291	Gang Elimination Act of 2006
H.R. 5292	To exclude from admission to the United States aliens who have made investments contributing to the enhancement of the ability of Cuba to develop its petroleum resources, and for other purposes.
H.R. 5294	To amend the Florida National Forest Land Management Act of 2003 to authorize the conveyance of an additional tract of National Forest System land under that Act, and for other purposes.
H.R. 5296	Renewable Energy Enhancement Act of 2006
H.R. 5297	Improving Access to Medicare Part D Act of 2006
H.R. 5298	Adams National Historical Park Boundary Addition Act of 2006
H.R. 5299	Fort McDowell Indian Community Water Rights Settlement Revision Act of 2006
H.R. 5300	Energy Fairness for America Act
H.R. 5301	Clean Energy Partnership Act of 2006
H.R. 5303	Depleted Uranium Munitions Suspension and Study Act of 2006
H.R. 5305	Headwaters Protection and Restoration Act
H.R. 5306	To extend to the Mayor of the District of Columbia the same authority with respect to the National Guard of the District of Columbia as the Governors of the several States exercise with respect to the National Guard of those States.
H.R. 5307	Pharmacists Medicare Relief Act of 2006
H.R. 5308	Passport Deduction for Border States Act of 2006
H.R. 5310	National Labor Relations Board Reform Act
H.R. 5316	Restoring Emergency Services to Protect Our Nation From Disasters Act of 2006
H.R. 5352	Small Business Reauthorization Act of 2006
H.R. 5372	Bioenergy Innovation, Optional Fuel Utilization, and Energy Legacy (BIOFUEL) Act of 2006
H.R. 5375	New Options Petroleum Energy Conservation Act of 2006
H.R. 5380	New Homestead Act of 2006
H.R. 5384	Agriculture, Rural Development, Food and Drug Administration, and Related Agencies Appropriations Act, 2007
H.R. 5385	Military Construction and Veterans Affairs, and Related Agencies Appropriations Act, 2007
H.R. 5386	Department of the Interior, Environment, and Related Agencies Appropriations Act, 2007
H.R. 5389	Protecting America's Miners Act
H.R. 5413	To make improvements in the codification of title 46, United States Code.
H.R. 5414	To enact certain laws relating to public contracts as title 41, United States Code, "Public Contracts".
H.R. 5420	Preserve Historic America Act of 2006
H.R. 5422	To amend the Internet Tax Freedom Act to make permanent the moratorium on taxes on internet access and on multiple and discriminatory taxes on electronic commerce.
H.R. 5427	Energy and Water Development Appropriations Act, 2007
H.R. 5441	Department of Homeland Security Appropriations Act, 2007
H.R. 5445	Credit Repair Organizations Act Technical Corrections Act
H.R. 5521	Legislative Branch Appropriations Act, 2007
H.R. 5522	Department of State, Foreign Operations, and Related Programs Appropriations Act, 2007
H.R. 5567	To clarify the classification of certain high-density fiberboard, and for other purposes.
H.R. 5576	Transportation, Treasury, Housing and Urban Development, the Judiciary, and Related Agencies Appropriations Act, 2007
H.R. 5578	Protection for Participants in Research Act of 2006
H.R. 5601	Strengthen the Earned Income Tax Credit Act of 2006
H.R. 5631	Department of Defense Appropriations Act, 2007
H.R. 5647	Departments of Labor, Health and Human Services, and Education, and Related Agencies Appropriations Act, 2007
H.R. 5667	Deficit Reduction and Effective Legislative Line Item Veto Act of 2006
H.R. 5668	For the relief of Amadou Heinz Ly.
H.R. 5672	Departments of Commerce and Justice, Science, and Related Agencies Appropriations Act, 2007
H.R. 5675	To authorize appropriate action if negotiations with Japan to allow the resumption of United States beef exports are not successful, and for other purposes.
H.R. 5676	Federal Election Administration Act of 2006
H.R. 5677	Ethics and Lobbying Reform Act of 2006
H.R. 5688	Healthcare Truth and Transparency Act of 2006
H.R. 5788	Honest Deficit Recognition Act of 2006
H.R. 5805	North Korea Nonproliferation Act of 2006
H.R. 5877	To amend the Iran and Libya Sanctions Act of 1996 to extend the authorities provided in such Act until September 29, 2006.
H.R. 5886	AmeriCare Health Care Act of 2006
H.R. 5895	Washington-Rochambeau Revolutionary Route National Historic Trail Designation Act
H.R. 5907	Medicare Part D Home and Community Services Copayment Equity Act of 2006
H.R. 6018	To provide temporary duty reductions for certain cotton fabrics, and for other purposes.
H.R. 6024	Biennial Budgeting Act of 2006
H.R. 6040	Accountable Budgeting Commission Act of 2006
H.R. 6058	To direct the Administrator of the Federal Aviation Administration to prohibit the operation of the aircraft known as the Mitsubishi MU-2 in the airspace of the United States until the Administrator of the Federal Aviation Administration certifies that the aircraft is safe and the certification is approved by law.
H.R. 6077	To amend title XXI of the Social Security Act to provide for funding of the shortfalls in State allotments for fiscal year 2007 under the State Children's Health Insurance Program (SCHIP).
H.R. 6142	To amend the African Growth and Opportunity Act relating to preferential treatment to apparel articles of lesser developed countries, and for other purposes.
H.R. 6161	Senior Safety and Dignity Act of 2006
H.R. 6173	To amend the Internal Revenue Code of 1986 to provide an alternate sulfur dioxide removal measurement for advanced coal-based generation technology units under the qualifying advanced coal project credit.
H.R. 6176	To establish requirements for the consideration of supplemental appropriation bills.
H.R. 6182	Nurse And Patient Safety & Protection Act of 2006
H.R. 6201	Budget and Transparency Act
H.R. 6225	National Insurance Act of 2006
H.R. 6253	Criminal Code Modernization and Simplification Act of 2006
H.R. 6274	Unemployment Tax Equity Act of 2006
H.R. 6303	ACCESS Act
H.R. 6346	To extend certain trade preference programs, to authorize the extension of nondiscriminatory treatment (normal trade relations treatment) to the products of Vietnam, to modify temporarily certain rates of duty and make other technical amendments to the trade laws, and for other purposes.
H.R. 6359	To require the establishment of a Department of Veterans Affairs outpatient clinic at the Olympic Medical Center, Port Angeles, Washington.
H.R. 6371	Patients' Privacy Protection Act of 2005
H.R. 6392	Emergency Gulf Coast Child Care Construction and Rebuilding Act
H.R. 6396	Hurricanes Katrina and Rita Environmental Justice Act
H.R. 6398	Emergency Coverage During an Incident of National Significance Act of 2006
H.R. 6406	To modify temporarily certain rates of duty and make other technical amendments to the trade laws, to extend certain trade preference programs, and for other purposes.
H.R. 6407	Postal Accountability and Enhancement Act
H.R. 6409	Central Idaho Economic Development and Recreation Act
H.R. 6426	To amend the Balanced Budget and Emergency Deficit Control Act of 1985 to provide for a sequestration on December 31, 2009, to eliminate the actual budget deficit for fiscal year 2009, and for other purposes.
H.Res. 1	Electing officers of the House of Representatives.
H.Res. 2	To inform the Senate that a quorum of the House has assembled and of the election of the Speaker and the Clerk.
H.Res. 3	Authorizing the Speaker to appoint a committee to notify the President of the assembly of the Congress.
H.Res. 4	Authorizing the Clerk to inform the President of the election of the Speaker and the Clerk.
H.Res. 5	Adopting rules for the One Hundred Ninth Congress.
H.Res. 6	Electing certain members to a standing committee.
H.Res. 7	Providing for the designation of certain minority employees.
H.Res. 8	Fixing the daily hour of meeting of the First Session of the One Hundred Ninth Congress.
H.Res. 9	Providing for the attendance of the House at the Inaugural Ceremonies of the President and Vice President of the United States.
H.Res. 10	Providing amounts for interim expenses of the Committee on Homeland Security in the first session of the One Hundred Ninth Congress.
H.Res. 11	Expressing profound sorrow on the occasion of the death of the Honorable Robert T. Matsui, a Representative from the State of California.
H.Res. 12	Expressing condolences and support for assistance to the victims of the earthquake and tsunamis that occurred on December 26, 2004, in South and Southeast Asia.
H.Res. 15	Supporting the goals and ideals of National Campus Safety Awareness Month.
H.Res. 19	Expressing the sense of the House of Representatives that the President should award the Presidential Medal of Freedom posthumously to Rick Husband, William McCool, Michael Anderson, Kalpana Chawla, David Brown, Laurel Clark, and Ilan Ramon, all of whom died in the destruction of the space shuttle Columbia.
H.Res. 23	Honoring the contributions of Catholic schools.
H.Res. 24	Expressing the sense of the House of Representatives that the United States should declare its support for the independence of Kosova.
H.Res. 25	Amending the Rules of the House of Representatives to establish a standing Committee on Homeland Security and a standing Committee on Intelligence and to allow the Committee on Appropriations to have 14 subcommittees (of which one is a Subcommittee on Intelligence), and for other purposes.
H.Res. 32	Electing Members, Delegates, and Resident Commissioners to standing committees of the House of Representatives.
H.Res. 33	Electing Members to certain standing committees of the House of Representatives.
H.Res. 39	Commending countries and organizations for marking the 60th anniversary of the liberation of Auschwitz and urging a strengthening of the fight against racism, intolerance, bigotry, prejudice, discrimination, and anti-Semitism.
H.Res. 48	Electing Members and Delegates to certain standing committees of the House of Representatives.
H.Res. 49	Electing Members and Delegates to certain standing committees of the House of Representatives.
H.Res. 50	Electing a certain Member to certain standing committees of the House of Representatives.
H.Res. 51	Amending the Rules of the House relating to the composition of the Permanent Select Committee on Intelligence.
H.Res. 60	Relating to the free election in Iraq held on January 30, 2005.
H.Res. 62	Electing Members and Delegates to certain standing committees of the House of Representatives.
H.Res. 64	Electing Members and Delegates to certain standing committees of the House of Representatives.
H.Res. 65	Electing Members and Delegates to certain standing committees of the House of Representatives.
H.Res. 66	Electing Members and Delegates to certain standing committees of the House of Representatives.
H.Res. 68	Electing a certain Member to a certain standing committee of the House of Representatives.
H.Res. 71	Providing for consideration of the bill (H.R. 418) to establish and rapidly implement regulations for State driver's license and identification document security standards, to prevent terrorists from abusing the asylum laws of the United States, to unify terrorism-related grounds for inadmissibility and removal, and to ensure expeditious construction of the San Diego border fence.
H.Res. 73	Electing Members and Delegates to certain standing committees of the House of Representatives.
H.Res. 74	Electing Members and Delegates to certain standing committees of the House of Representatives.
H.Res. 82	Disavowing the doctrine of preemption.
H.Res. 87	Providing amounts for the expenses of the Committee on Resources in the One Hundred Ninth Congress.
H.Res. 88	Providing amounts for the expenses of the Committee on Energy and Commerce in the One Hundred Ninth Congress.
H.Res. 89	Recognizing the 100th anniversary of the American Thoracic Society, celebrating its achievements, and encouraging the society to continue its guidance on lung-related health issues to the peoples of the United States and of the world.
H.Res. 90	Supporting the goals and ideals of Anti-Slavery Day.
H.Res. 91	Condemning the terrorist bombing attack that occurred on February 14, 2005, in Beirut, Lebanon, that killed former Lebanese Prime Minister Rafik Hariri and killed and wounded others.
H.Res. 92	Providing amounts for the expenses of the Committee on Government Reform in the One Hundred Ninth Congress.
H.Res. 93	Providing amounts for the expenses of the Committee on Transportation and Infrastructure in the One Hundred Ninth Congress.
H.Res. 94	Providing amounts for the expenses of the Committee on Agriculture in the One Hundred Ninth Congress.
H.Res. 97	Expressing the sense of the House of Representatives that judicial determinations regarding the meaning of the Constitution of the United States should not be based on judgments, laws, or pronouncements of foreign institutions unless such foreign judgments, laws, or pronouncements inform an understanding of the original meaning of the Constitution of the United States.
H.Res. 98	Expressing the sense of the House of Representatives with respect to free trade negotiations that could adversely impact the sugar industry of the United States.
H.Res. 99	Expressing the condolences of the House of Representatives to the families of the victims of the terrorist attacks in Madrid that occurred one year ago, on March 11, 2004, and expressing deepest sympathy to the individuals injured in those attacks and to the people of the Kingdom of Spain.
H.Res. 100	Providing amounts for the expenses of the Committee on Financial Services in the One Hundred Ninth Congress.
H.Res. 101	Urging the European Union to add Hezbollah to the European Union's wide-ranging list of terrorist organizations.
H.Res. 102	Providing amounts for the expenses of the Committee on Ways and Means in the One Hundred Ninth Congress.
H.Res. 103	Recognizing the importance of honoring the Nation's children and expressing the sense of the House of Representatives that a National Children's Day should be established.
H.Res. 104	Providing amounts for the expenses of the Committee on Homeland Security in the One Hundred Ninth Congress.
H.Res. 105	Providing amounts for the expenses of the Committee on Science in the One Hundred Ninth Congress.
H.Res. 106	Providing amounts for the expenses of the Committee on Rules in the One Hundred Ninth Congress.
H.Res. 107	Providing amounts for the expenses of the Committee on International Relations in the One Hundred Ninth Congress.
H.Res. 108	Commemorating the life of the late Zurab Zhvania, Prime Minister of the Republic of Georgia.
H.Res. 109	Providing amounts for the expenses of the Committee on Small Business in the One Hundred Ninth Congress.
H.Res. 110	Providing amounts for the expenses of the Committee on Education and the Workforce in the One Hundred Ninth Congress.
H.Res. 111	Electing Members to certain standing committees of the House of Representatives.
H.Res. 112	Electing a certain Member to a certain standing committee of the House of Representatives.
H.Res. 113	Providing amounts for the expenses of the Committee on Veterans' Affairs in the One Hundred Ninth Congress.
H.Res. 114	Expressing the sense of the House of Representatives that a postage stamp should be issued honoring American farm women.
H.Res. 115	Expressing the sense of the United States House of Representatives that the United States should adhere to moral and ethical principles of economic justice and fairness in developing and advancing United States international trade treaties, agreements, and investment policies.
H.Res. 116	Creating a select committee to investigate the awarding and carrying out of contracts to conduct activities in Afghanistan and Iraq and to fight the war on terrorism.
H.Res. 117	Providing amounts for the expenses of the Committee on the Budget in the One Hundred Ninth Congress.
H.Res. 118	Providing amounts for the expenses of the Committee on the Judiciary in the One Hundred Ninth Congress.
H.Res. 119	Recognizing the contributions of the United States Marine Corps and other units of the United States Armed Forces on the occasion of the 60th anniversary of the Battle of Iwo Jima during World War II.
H.Res. 120	Commending the outstanding efforts by members of the Armed Forces and civilian employees of the Department of State and the United States Agency for International Development in response to the earthquake and tsunami of December 26, 2004.
H.Res. 121	Amending the Rules of the House of Representatives to strengthen the budget process.
H.Res. 122	Expressing the sense of the House of Representatives regarding the study of languages and supporting the designation of a Year of Languages.
H.Res. 123	Establishing a Select Committee on POW and MIA Affairs.
H.Res. 125	Providing for consideration of the bill (H.R. 841) to require States to hold special elections to fill vacancies in the House of Representatives not later than 45 days after the vacancy is announced by the Speaker of the House of Representatives in extraordinary circumstances, and for other purposes.
H.Res. 126	Providing for consideration of the bill (H.R. 27) to enhance the workforce investment system of the Nation by strengthening one-stop career centers, providing for more effective governance arrangements, promoting access to a more comprehensive array of employment, training, and related services, establishing a targeted approach to serving youth, and improving performance accountability, and for other purposes.
H.Res. 127	Urging the establishment and observation of a legal public holiday in honor of Cesar E. Chavez.
H.Res. 128	Recognizing the 250th anniversary of Laredo, Texas.
H.Res. 129	Providing amounts for the expenses of the Committee on Armed Services in the One Hundred Ninth Congress.
H.Res. 130	Recognizing the contributions of environmental systems and the technicians who install and maintain them to the quality of life of all Americans and supporting the goals and ideals of National Indoor Comfort Week.
H.Res. 131	Amending rule XI of the Rules of the House of Representatives with regard to the procedures of the Committee on Standards of Official Conduct.
H.Res. 132	To express the sense of the House of Representatives that the maximum Pell Grant should be increased to $5,800.
H.Res. 139	Electing a certain Member to a certain standing committee of the House of Representatives.
H.Res. 153	Raising a question of the privileges of the House.
H.Res. 154	Providing for consideration of the concurrent resolution (H. Con. Res. 95) establishing the congressional budget for the United States Government for fiscal year 2006, revising appropriate budgetary levels for fiscal year 2005, and setting forth appropriate budgetary levels for fiscal years 2007 through 2010.
H.Res. 155	Requiring the House of Representatives to take any legislative action necessary to verify the ratification of the Equal Rights Amendment as part of the Constitution when the legislatures of an additional three States ratify the Equal Rights Amendment.
H.Res. 161	Electing a certain Member to a certain standing committee of the House of Representatives.
H.Res. 181	Waiving a requirement of clause 6(a) of rule XIII with respect to consideration of certain resolutions reported from the Committee on Rules.
H.Res. 182	Providing for consideration of the bill (S. 686) for the relief of the parents of Theresa Marie Schiavo.
H.Res. 213	Raising a question of the privileges of the House.
H.Res. 233	Recognizing the 60th anniversary of Victory in Europe (V-E) Day during World War II.
H.Res. 234	Providing for consideration of the resolution (H. Res. 131) amending rule XI of the Rules of the House of Representatives with regard to the procedures of the Committee on Standards of Official Conduct.
H.Res. 239	Dismissing the election contest relating to the office of Representative from the Sixth Congressional District of Tennessee.
H.Res. 240	Amending the Rules of the House of Representatives to reinstate certain provisions of the rules relating to procedures of the Committee on Standards of Official Conduct to the form in which those provisions existed at the close of the 108th Congress.
H.Res. 241	Providing for the adoption of the resolution (H. Res. 240) amending the Rules of the House of Representatives to reinstate certain provisions of the rules relating to procedures of the Committee on Standards of Official Conduct to the form in which those provisions existed at the close of the 108th Congress.
H.Res. 242	Waiving a requirement of clause 6(a) of rule XIII with respect to consideration of certain resolutions reported from the Committee on Rules.
H.Res. 249	Celebrating the recent discovery of the Ivory-Billed Woodpecker in Eastern Arkansas.
H.Res. 250	Supporting the goals and ideals of National Hepatitis B Awareness Week.
H.Res. 251	Congratulating all of the individuals and organizations on the 15th anniversary of the launch of the Hubble Space Telescope that have helped make Hubble one of the most important astronomical instruments in history.
H.Res. 252	Supporting the goals of National Arson Awareness Week.
H.Res. 253	Raising a question of the privileges of the House.
H.Res. 254	Providing for consideration of the bill (H.R. 366) to amend the Carl D. Perkins Vocational and Technical Education Act of 1998 to strengthen and improve programs under that Act.
H.Res. 255	Providing for consideration of the bill (H.R. 1185) to reform the Federal deposit insurance system, and for other purposes.
H.Res. 264	Electing a certain Member to a certain standing committee of the House of Representatives.
H.Res. 281	Electing a certain Member to a certain standing committee of the House of Representatives.
H.Res. 287	Providing for consideration of the bill (H.R. 2361) making appropriations for the Department of the Interior, environment, and related agencies for the fiscal year ending September 30, 2006, and for other purposes.
H.Res. 307	Electing Members to certain standing committees of the House of Representatives.
H.Res. 310	Raising a question of the privileges of the House.
H.Res. 324	Disapproving the manner in which Representative Sensenbrenner has responded to the minority party's request under rule XI of the House of Representatives for an additional day of oversight hearings on the reauthorization of the USA PATRIOT Act and the manner in which such hearing was conducted.
H.Res. 422	Expressing the profound sorrow of the House of Representatives on the death of the Honorable William H. Rehnquist, Chief Justice of the United States.
H.Res. 425	Expressing the condolences of the Nation to the victims of Hurricane Katrina, commending the resiliency of the people of the States of Louisiana, Mississippi, and Alabama, and committing to stand by them in the relief and recovery effort.
H.Res. 432	Creating a select committee to investigate the awarding and carrying out of contracts to rebuild communities devastated by Hurricane Katrina.
H.Res. 437	To establish the Select Bipartisan Committee to Investigate the Preparation for and Response to Hurricane Katrina.
H.Res. 445	Electing Members to certain standing committees of the House of Representatives.
H.Res. 449	To create a select committee to monitor and investigate the awarding and carrying out of contracts related to the relief and reconstruction efforts in response to Hurricane Katrina.
H.Res. 454	Katrina Emergency Tax Relief Act of 2005
H.Res. 460	Providing for consideration of the bill (H.R. 3764) to establish a National Independent Inquiry Commission on Disaster Preparedness and Response to examine and evaluate the Federal Government's response to Hurricane Katrina and assess its ability to respond to future large-scale disasters.
H.Res. 501	QI, TMA, and Abstinence Programs Extension and Hurricane Katrina Unemployment Relief Act of 2005
H.Res. 510	Supporting the findings of the United Nations International Independent Investigation Commission that is investigating the assassination of former Lebanese Prime Minister Rafik Hariri, condemning the Government of Syria for its apparent involvement in this terrorist attack, and demanding compliance by Syria with United Nations Security Council Resolution 1595.
H.Res. 523	Condemning Iranian President Mahmoud Ahmadinejad's threats against Israel.
H.Res. 524	Amending the Rules of the House of Representatives to impose limitations respecting certain legislation that affects the economy, and for other purposes.
H.Res. 531	Honoring Abilene Christian University on it's 100th Anniversary.
H.Res. 533	Supporting the goals and ideals of Cambodian-American Freedom Day.
H.Res. 534	Recognizing the importance of an independent Iraqi judiciary in the formation of a new and democratic Iraq.
H.Res. 536	Expressing condolences to the people and Government of Nigeria for the loss of life suffered in the crash of a Nigerian passenger jet on October 22 and the tragic death of Stella Obasanjo, wife of Nigerian President Olusegun Obasanjo, at a hospital in Spain on October 23, 2005.
H.Res. 537	Providing for consideration of the bill (H.R. 3838) to establish the Independent Commission to Prevent Fraud and Abuse in the Response to Hurricane Katrina, and for other purposes.
H.Res. 571	Expressing the sense of the House of Representatives that the deployment of United States forces in Iraq be terminated immediately.
H.Res. 580	Electing an officer of the House of Representatives.
H.Res. 581	To inform the Senate of the election of the Clerk.
H.Res. 582	Authorizing the Clerk to inform the President of the election of the Clerk.
H.Res. 599	Establishing the Task Force on Ocean Policy.
H.Res. 610	Providing for consideration of the bill (H.R. 4437) to amend the Immigration and Nationality Act to strengthen enforcement of the immigration laws, to enhance border security, and for other purposes.
H.Res. 619	Providing for consideration of the resolution (H. Res. 612) expressing the commitment of the House of Representatives to achieving victory in Iraq.
H.Res. 640	Waiving points of order against the conference report to accompany the bill (S. 1932) to provide for reconciliation pursuant to section 201(a) of the concurrent resolution on the budget for fiscal year 2006.
H.Res. 648	To eliminate floor privileges and access to Member exercise facilities for registered lobbyists who are former Members or officers of the House.
H.Res. 649	Providing for a committee to notify the President of the assembly of the Congress.
H.Res. 650	To inform the Senate that a quorum of the House has assembled.
H.Res. 651	Providing for the hour of meeting of the House.
H.Res. 653	Relating to consideration of the bill (S. 1932) to provide for reconciliation pursuant to section 202(a) of the concurrent resolution on the budget for fiscal year 2006 (H. Con. Res. 95).
H.Res. 654	Waiving a requirement of clause 6(a) of rule XIII with respect to consideration of certain resolutions reported from the Committee on Rules.
H.Res. 655	Honoring the life and accomplishments of Mrs. Coretta Scott King and her contributions as a leader in the struggle for civil rights, and expressing condolences to the King family on her passing.
H.Res. 656	Expressing the sense of the House that the Secretary of Health and Human Services, acting through the Director of Indian Health Service, should maintain the current operating hours of the Wagner Service Unit until the Secretary submits to Congress a new report that accurately describes the current conditions at the Wagner Service Unit.
H.Res. 659	Amending the Rules of the House of Representatives to protect the integrity of the institution.
H.Res. 662	Amending the Rules of the House of Representatives to require that general appropriation bills contain a separate list of all earmarks in the accompanying report and the name of the sponsoring Member of each such earmark.
H.Res. 663	Amending the Rules of the House of Representatives to prohibit former Members and former officers of the House who are registered lobbyists from admission to the Hall of the House, and for other purposes.
H.Res. 664	Electing a certain Member to a certain standing committee of the House of Representatives.
H.Res. 666	Amending the Rules of the House of Representatives to prohibit privately-funded travel by any Member, Delegate, Resident Commissioner, officer, or employee of the House.
H.Res. 671	Electing Members to certain standing committees of the House of Representatives.
H.Res. 674	Amending the Rules of the House of Representatives to require parity and transparency in the earmark process.
H.Res. 676	Amending rule XXV of the Rules of the House of Representatives to prohibit Members, officers, and employees of the House from accepting gifts from registered lobbyists.
H.Res. 678	Electing Members to certain standing committees of the House of Representatives.
H.Res. 679	Electing a certain member to a certain standing committee of the House.
H.Res. 686	Amending the Rules of the House to restore transparency, accountability, and oversight, and for other purposes.
H.Res. 687	Raising a question of the privileges of the House.
H.Res. 688	Amending the Rules of the House of Representatives to require that legislation and conference reports be available on the Internet for 72 hours before consideration by the House, and for other purposes.
H.Res. 690	Amending the Rules of the House of Representatives to curtail the growth of Government programs.
H.Res. 701	Amending the Rules of the House of Representatives to prohibit the consideration of conference reports on omnibus appropriation bills.
H.Res. 709	Amending the Rules of the House of Representatives to ensure that Members have a reasonable amount of time to read legislation that will be voted upon.
H.Res. 713	Providing for consideration of the bill (H.R. 2829) to reauthorize the Office of National Drug Control Policy Act.
H.Res. 715	Electing a certain Member to a certain standing committee of the House of Representatives.
H.Res. 728	Amending the Rules of the House of Representatives to require preapproval of privately-funded travel and the inclusion of such travel information on the public website of the Office of the Clerk of the House of Representatives, and for other purposes.
H.Res. 747	Amending the Rules of the House of Representatives to require that all members of the Permanent Select Committee on Intelligence and all members of the Subcommittee on Defense of the Committee on Appropriations have security clearances.
H.Res. 797	Directing the Clerk to post on the public Internet site of the Office of the Clerk a record, organized by Member name, of recorded votes taken in the House, and directing each Member who maintains an official public Internet site to provide an electronic link to such record.
H.Res. 798	Recognizing and celebrating students who overcome immeasurable adversity to excel academically.
H.Res. 799	Congratulating the people of Ukraine for conducting free, fair, and transparent parliamentary elections on March 26, 2006, and commending their commitment to democracy and reform.
H.Res. 800	Expressing the support of the House of Representatives for the goals and ideals of National Internet Safety Month.
H.Res. 801	Expressing support for the restoration of multi-party democracy, prevention of Maoist conquest, re-establishment of security, government services, exercise of political rights, and respect for human rights in Nepal.
H.Res. 803	Providing for the concurrence by the House with amendments in the amendments of the Senate to H.R. 1499.
H.Res. 841	Amending the Rules of the House of Representatives to require committees to hold hearings upon the issuance of certain reports from an Inspector General or the Comptroller General the subject matter of which is within the jurisdiction of such committees.
H.Res. 900	Supporting intelligence and law enforcement programs to track terrorists and terrorist finances conducted consistent with Federal law and with appropriate congressional consultation.
H.Res. 903	Repealing rule XXVII of the Rules of the House of Representatives relating to the statutory limit on the public debt.
H.Res. 917	Providing for the consideration of the bill (H.R. 23) to amend title 46, United States Code, and title II of the Social Security Act to provide benefits to certain individuals who served in the United States merchant marine (including the Army Transport Service and the Naval Transport Service) during World War II.
H.Res. 931	Expressing the sense of the House of Representatives that on August 27, 2006, people of goodwill throughout the United States should remember the victims of Hurricane Katrina, both living and dead, and pledge to work toward the repair, rebuilding, and resettlement of the Gulf Coast of the United States.
H.Res. 957	Directing the Sergeant at Arms of the House of Representatives to deliver the mace of the House of Representatives to the Secretary of the Smithsonian Institution for necessary repairs.
H.Res. 960	Amending the Rules of the House of Representatives to limit gifts to Members, officers, and employees of the House from State and local governments.
H.Res. 975	Amending the Rules of the House of Representatives to require that rescission bills always be considered under open rules every year, and for other purposes.
H.Res. 998	Providing for consideration of the bill (H.R. 5099) to provide disaster assistance to agricultural producers for crop and livestock losses, and for other purposes.
H.Res. 1008	Amending the Rules of the House of Representatives to provide for transparency of earmarks requests.
H.Res. 1060	Amending the Rules of the House of Representatives to require the reduction of section 302(b) suballocations to reflect floor amendments to general appropriation bills.
H.Res. 1104	Providing for a severance payment for employees of leadership offices and committees of the House of Representatives who are separated from employment solely and directly as a result of a change in the party holding the majority of the membership of the House.
H.Res. 1106	Articles of Impeachment against George Walker Bush, President of the United States of America, and other officials, for high crimes and misdemeanors.
S. 3	Protecting America in the War on Terror Act of 2005
S. 4	Healthy America Act of 2005
S. 5	Class Action Fairness Act of 2005
S. 9	Lifetime of Education Opportunities Act of 2005
S. 10	Energy Policy Act of 2005
S. 11	Standing With Our Troops Act of 2005
S. 13	Fulfilling Our Duty to America's Veterans Act of 2005
S. 14	Fair Wage, Competition, and Investment Act of 20005
S. 16	Affordable Health Care Act
S. 17	Voting Opportunity and Technology Enhancement Rights Act of 2005
S. 18	Meeting Our Responsibility to Medicare Beneficiaries Act of 2005
S. 20	Prevention First Act
S. 25	Fair Tax Act of 2005
S. 31	International Remittance Consumer Protection Act of 2005
S. 32	National Guard and Reserve Bill of Rights Act of 2005
S. 34	Global Tsunami Detection and Warning System Act of 2005
S. 36	A bill to amend title 10, United States Code, to recognize the United States Military Cancer Institute as an establishment within the Uniformed Services University of the Health Sciences, to require the Institute to promote the health of members of the Armed Forces and their dependents by enhancing cancer research and treatment, to provide for a study of the epidemiological causes of cancer among various ethnic groups for cancer prevention and early detection efforts, and for other purposes.
S. 38	Guard and Reserve Enhanced Benefits Act of 2005
S. 39	National Ocean Exploration Program Act
S. 40	Geriatric and Chronic Care Management Act of 2005
S. 42	Honoring Our Fallen Soldiers and Families Act of 2005
S. 43	Montgomery GI Bill Enhancement Act of 2005
S. 44	Military Death Benefit Improvement Act of 2005
S. 45	A bill to amend the Controlled Substances Act to lift the patient limitation on prescribing drug addiction treatments by medical practitioners in group practices, and for other purposes.
S. 50	Tsunami Preparedness Act
S. 53	A bill to amend the Mineral Leasing Act to authorize the Secretary of the Interior to issue separately, for the same area, a lease for tar sand and a lease for oil and gas, and for other purposes.
S. 58	A bill to amend title 10, United States Code, to permit former members of the Armed Forces who have a service-connected disability rated as total to travel on military aircraft in the same manner and to the same extent as retired members of the Armed Forces are entitled to travel on such aircraft.
S. 59	A bill to amend title 10, United States Code, to authorize certain disabled former prisoners of war to use Department of Defense commissary and exchange stores.
S. 62	A bill for the relief of Jim K. Yoshida.
S. 65	A bill to amend the age restrictions for pilots.
S. 69	A bill for the relief of Donald C. Pence.
S. 72	A bill to amend title 5, United States Code, to require the issuance of a prisoner-of-war medal to civilian employees of the Federal Government who are forcibly detained or interned by an enemy government or a hostile force under wartime conditions.
S. 77	Honoring Every Requirement of Exemplary Service Act of 2005
S. 79	A bill to require the Secretary of the Army to determine the validity of the claims of certain Filipinos that they performed military service on behalf of the United States during World War II.
S. 80	A bill to restore the traditional day of observance of Memorial Day, and for other purposes.
S. 95	Safe Highways and Infrastructure Preservation Act
S. 100	Pitkin County Land Exchange Act of 2005
S. 105	Personal Responsibility, Work, and Family Promotion Act of 2005
S. 106	A bill to provide for the reliquidation of certain entries of candles.
S. 107	A bill to provide for the reliquidation of certain entries of clock radios.
S. 109	Pharmaceutical Market Access Act of 2005
S. 114	Kids Come First Act of 2005
S. 121	A bill to amend titles 10 and 38, United States Code, to improve the benefits provided for survivors of deceased members of the Armed Forces, and for other purposes.
S. 123	Efficiency in Government Health Care Spending Act
S. 127	Clinical Social Workers' Recognition Act of 2005
S. 129	A bill to amend title 23, United States Code, to provide for HOV facilities.
S. 130	A bill to authorize an additional district judgeship for the district of Nebraska.
S. 131	Clear Skies Act of 2005
S. 140	Domestic Defense Fund Act of 2005
S. 142	A bill for the relief of Alemseghed Mussie Tesfamical.
S. 145	A bill to amend title 10, United States Code, to require the naval forces of the Navy to include not less than 12 operational aircraft carriers.
S. 147	Native Hawaiian Government Reorganization Act of 2005
S. 148	Professional Boxing Safety Act
S. 151	Veterans Benefits Outreach Act of 2005
S. 186	A bill to prohibit the use of Department of Defense funds for any study related to the transportation of chemical munitions across State lines.
S. 190	Federal Housing Enterprise Regulatory Reform Act of 2005
S. 191	TRADE Act of 2005
S. 192	A bill to provide for the improvement of foreign stabilization and reconstruction capabilities of the United States Government.
S. 196	A bill to amend the Internal Revenue Code of 1986 to provide for the taxation of income of controlled foreign corporations attributable to imported property.
S. 209	Stabilization and Reconstruction Civilian Management Act of 2005
S. 211	Calling for 2-1-1 Act of 2005
S. 215	Native Hawaiian Health Care Improvement Reauthorization Act of 2005
S. 217	Essential Air Service Preservation Act of 2005
S. 226	Improved Vaccine Supply Act
S. 230	Railroad Crossing and Hazardous Materials Transport Safety Act of 2005
S. 234	A bill for the relief of Majan Jean.
S. 241	A bill to amend section 254 of the Communications Act of 1934 to provide that funds received as universal service contributions and the universal service support programs established pursuant to that section are not subject to certain provisions of title 31, United States Code, commonly known as the Antideficiency Act.
S. 245	Abrupt Climate Change Research Act of 2005
S. 248	Surface Transportation Adaptability to Ensure Safety (STATES) Act of 2005
S. 256	Bankruptcy Abuse Prevention and Consumer Protection Act of 2005
S. 257	John's Law of 2005
S. 265	Trauma Care Systems Planning and Development Act of 2005
S. 268	Training for Realtime Writers Act of 2005
S. 270	Sanctions Policy Reform Act
S. 273	A bill to amend the Farm Security and Rural Investment Act of 2002 to extend and improve national dairy market loss payments.
S. 274	Social Security Right to Know Act
S. 280	A bill to amend the Internal Revenue Code of 1986 to provide for the amortization of delay rental payments and geological and geophysical expenditures.
S. 285	CHEER Act
S. 292	Social Security Lock-Box Act of 2005
S. 296	A bill to authorize appropriations for the Hollings Manufacturing Extension Partnership Program, and for other purposes.
S. 302	Foundation for the National Institutes of Health Improvement Act
S. 309	A bill to amend the Internal Revenue Code of 1986 to provide for the disposition of unused health benefits in cafeteria plans and flexible spending arrangements.
S. 311	Early Treatment for HIV Act of 2005
S. 313	Nunn-Lugar Cooperative Threat Reduction Act of 2005
S. 320	Fort Carson Conservation Act of 2005
S. 321	Child Support Distribution Act of 2005
S. 334	Pharmaceutical Market Access and Drug Safety Act of 2005
S. 337	Guard and Reserve Readiness and Retention Act of 2005
S. 338	Bipartisan Commission on Medicaid Act of 2005
S. 342	Climate Stewardship Act of 2005
S. 350	Assistance for Orphans and Other Vulnerable Children in Developing Countries Act of 2005
S. 358	A bill to maintain and expand the steel import licensing and monitoring program.
S. 360	Coastal Zone Enhancement Reauthorization Act of 2005
S. 361	Ocean and Coastal Observation System Act of 2005
S. 362	Marine Debris Research, Prevention, and Reduction Act
S. 363	Ballast Water Management Act of 2005
S. 364	Ocean and Coastal Mapping Integration Act
S. 368	Responsible Education About Life Act
S. 369	Free Speech Protection Act of 2005
S. 376	Intermodal Shipping Container Security Act
S. 378	Reducing Crime and Terrorism at America's Seaports Act of 2005
S. 383	Localism in Broadcasting Reform Act of 2005
S. 384	A bill to extend the existence of the Nazi War Crimes and Japanese Imperial Government Records Interagency Working Group for 2 years.
S. 389	Cigarette Fire Safety Act of 2005
S. 394	OPEN Government Act of 2005
S. 395	Buy American Improvement Act of 2005
S. 403	Child Interstate Abortion Notification Act
S. 404	A bill to make a technical correction relating to the land conveyance authorized by Public Law 108-67.
S. 407	Keep Our Promise to America's Military Retirees Act
S. 412	A bill to reauthorize the Native American Programs Act of 1974.
S. 423	A bill to amend title 38, United States Code, to make a stillborn child an insurable dependent for purposes of the Servicemembers' Group Life Insurance program.
S. 424	Arthritis Prevention, Control, and Cure Act of 2005
S. 426	Electric Reliability Security Act of 2005
S. 427	Renewable Energy Investment Act of 2005
S. 432	Minority Serving Institution Digital and Wireless Technology Opportunity Act of 2005
S. 439	A bill to amend the Solid Waste Disposal Act to provide for secondary containment to prevent methyl tertiary butyl ether and petroleum contamination.
S. 448	A bill to authorize the President to posthumously award a gold medal on behalf of Congress to Elizabeth Wanamaker Peratrovich and Roy Peratrovich in recognition of their outstanding and enduring contributions to the civil rights and dignity of the Native peoples of Alaska and the Nation.
S. 452	Tsunami Early Warning and Relief Act of 2005
S. 456	Pathways to Independence Act of 2005
S. 457	Purchase Card Waste Elimination Act of 2006
S. 458	Pathways to Self-Sufficiency Act of 2005
S. 460	Strengthening America's Armed Forces and Military Family Bill of Rights Act
S. 461	Crosby-Puller Combat Wounds Compensation Act
S. 466	A bill to deauthorize a certain portion of the project for navigation, Rockland Harbor, Maine.
S. 468	College Literacy in Finance and Economics (College LIFE) Act
S. 470	FACT Act
S. 475	Native American Housing Enhancement Act of 2005
S. 480	Thomasina E. Jordan Indian Tribes of Virginia Federal Recognition Act of 2005
S. 487	A bill to amend title 10, United States Code, to provide leave for members of the Armed Forces in connection with adoptions of children, and for other purposes.
S. 489	Federal Consent Decree Fairness Act
S. 492	Safe Water: Currency for Peace Act of 2005
S. 499	Credit CARD Act of 2005
S. 504	Public Health Preparedness Workforce Development Act of 2005
S. 506	Public Health Preparedness Workforce Development Act of 2005
S. 509	Energy Markets Improvement Act of 2005
S. 510	Electronic Waste Recycling Promotion and Consumer Protection Act
S. 515	A bill to amend title 32, United States Code, to increase the maximum Federal share of the costs of State programs under the National Guard Youth Challenge Program, and for other purposes.
S. 517	Weather Modification Research and Development Policy Authorization Act of 2005
S. 518	National All Schedules Prescription Electronic Reporting Act of 2005
S. 528	Money Follows the Person Act of 2005
S. 532	A bill to reduce temporarily the duty on palm fatty acid distillate.
S. 535	Native American Connectivity Act
S. 536	Native American Omnibus Act of 2005
S. 538	Health Professionals Substance Abuse Education Act
S. 541	A bill to amend the Harmonized Tariff Schedule of the United States to clarify the rate of duty for certain gloves.
S. 544	Patient Safety and Quality Improvement Act of 2005
S. 546	Retirement Savings Account Act
S. 553	A bill to amend title 23, United States Code, to provide for HOV-lane exemptions for low-emission and hybrid vehicles.
S. 561	Safe Kids and Cars Act of 2005
S. 564	Safe Intersections Act of 2005
S. 565	Traffic Safety Law Enforcement Campaign Act
S. 577	HIPAA Recreational Injury Technical Correction Act
S. 579	Children and Media Research Advancement Act
S. 586	A bill to amend the Internal Revenue Code of 1986 to provide for the proper tax treatment of certain disaster mitigation payments.
S. 587	Freedom From Foreign Oil Act of 2005
S. 596	Electric Transmission and Reliability Enhancement Act of 2005
S. 602	Ronald Reagan Alzheimer's Breakthrough Act of 2005
S. 614	Veterans Prescription Drugs Assistance Act
S. 615	Montgomery GI Bill Revitalization Act of 2005
S. 617	A bill to direct the Secretary of the Army to carry out the dredging project, Menominee Harbor, Menominee River, Michigan and Wisconsin.
S. 620	Assault Weapons Ban Reauthorization Act of 2005
S. 623	A bill to direct the Secretary of Interior to convey certain land held in trust for the Paiute Indian Tribe of Utah to the City of Richfield, Utah, and for other purposes.
S. 624	Patriot Penalty Elimination Act of 2005
S. 632	A bill to authorize the extension of unconditional and permanent nondiscriminatory treatment (permanent normal trade relations treatment) to the products of Ukraine, and for other purposes.
S. 639	A bill to amend title 10, United States Code, to reduce the age for receipt of military retired pay for nonregular service from 60 years of age to 55 years of age.
S. 640	Military Intelligence Reorganization Act of 2005
S. 641	A bill to award a congressional gold medal to Michael Ellis DeBakey, M.D.
S. 645	Assault Weapons Ban and Law Enforcement Protection Act of 2005
S. 650	Fuels Security Act of 2005
S. 659	Human Chimera Prohibition Act of 2005
S. 660	Lumbee Recognition Act
S. 661	United States Tax Court Modernization Act
S. 662	Postal Accountability and Enhancement Act
S. 666	Family Smoking Prevention and Tobacco Control Act
S. 667	Personal Responsibility and Individual Development for Everyone Act
S. 670	Cesar Estrada Chavez Study Act
S. 674	A bill to provide assistance to combat HIV/AIDS in India, and for other purposes.
S. 675	New Homestead Act of 2005
S. 679	Central Contractor Registry Act of 2005
S. 680	Efficient Energy Through Certified Technologies and Electricity Reliability (EFFECTER) Act of 2005
S. 686	A bill to provide for the relief of the parents of Theresa Marie Schiavo.
S. 687	SPY BLOCK Act
S. 697	Higher Education Opportunity Through Pell Grant Expansion Act
S. 698	A bill to suspend temporarily the duty on methacrylamido etheleneurae monomer.
S. 699	A bill to suspend temporarily the duty on allyl ureido monomer.
S. 700	A bill to reduce temporarily the duty on potassium sorbate.
S. 701	A bill to reduce temporarily the duty on certain sorbic acid (hexadienic acid) (2,4-hexadienoic acid).
S. 706	Prairie Island Land Conveyance Act of 2005
S. 707	PREEMIE Act
S. 714	Junk Fax Prevention Act of 2005
S. 717	Kidney Disease Educational Benefits Act of 2005
S. 721	A bill to authorize the Secretary of the Army to carry out a program for ecosystem restoration for the Louisiana Coastal Area, Louisiana.
S. 725	A bill to improve the Child Care Access Means Parents in School Program.
S. 726	Natural Gas Price Reduction Act of 2005
S. 727	Tax Incentives for the Natural Gas Price Reduction Act of 2005
S. 728	Water Resources Development Act of 2005
S. 732	Safe, Accountable, Flexible, and Efficient Transportation Equity Act of 2005
S. 738	Cotton Shirt Industry Tariff Relief and Technical Corrections Act
S. 744	A bill to establish a Caribbean Basin Port Assistance Program.
S. 746	Inland Empire Regional Water Recycling Initiative
S. 763	Welded Rail and Tank Car Safety Improvement Act
S. 780	A bill to amend title 10, United States Code, to establish the position of Deputy Secretary of Defense for Management, and for other purposes.
S. 782	A bill to amend title 37, United States Code, to authorize travel and transportation for family members of members of the Armed Forces hospitalized in the United States in connection with non-serious illnesses or injuries incurred or aggravated in a contingency operation, and for other purposes.
S. 783	Material Support to Terrorism Prohibition Improvements Act of 2005
S. 784	Seniors Mental Health Access Improvement Act of 2005
S. 788	A bill to suspend temporarily the duty on Liquid Crystal Device panel assemblies for use in Liquid Crystal Device direct view televisions.
S. 789	A bill to suspend temporarily the duty on Liquid Crystal Device panel assemblies for use in Liquid Crystal Device projection type televisions.
S. 790	A bill to suspend temporarily the duty on electron guns for high definition cathode ray tubes.
S. 791	A bill to suspend temporarily the duty on flat panel screen assemblies for use in televisions.
S. 792	Dru's Law
S. 796	Natural Stock Conservation Act of 2005
S. 797	CDQ Community Preservation Act
S. 798	Military Families Leave Act of 2005
S. 807	Enhanced Safety from Wildfire Act of 2005
S. 808	A bill to encourage energy conservation through bicycling.
S. 813	A bill to amend part D of title XVIII of the Social Security Act to authorize the Secretary of Health and Human Services to negotiate for lower prices for medicare prescription drugs.
S. 822	A bill to prevent the retroactive application of changes to Trans-Alaska Pipeline Quality Bank valuation methodologies.
S. 824	Health Care Access Improvement Act
S. 834	Limited English Proficiency and Integrated Workforce Training Act
S. 839	Access to Reproductive Health Information Act
S. 840	Fair Pay Act of 2005
S. 844	Title X Family Planning Services Act of 2005
S. 846	A bill to provide fair wages for America's workers.
S. 850	Global Health Corps Act of 2005
S. 851	Fiscal Responsibility for a Sound Future Act
S. 852	Fairness in Asbestos Injury Resolution Act of 2005
S. 857	Social Security Personal Savings Guarantee and Prosperity Act of 2005
S. 866	Public Servant Retirement Protection Act of 2005
S. 877	Biennial Budgeting and Appropriations Act
S. 879	Arctic Research and Policy Amendments Act of 2005
S. 893	A bill to make technical corrections in the Anabolic Steroid Control Act of 2004.
S. 894	Freedom to Travel to Cuba Act of 2005
S. 906	Wildland Firefighter Safety Act of 2005
S. 907	Federal Public Transportation Act of 2005
S. 910	Breast Cancer Patient Protection Act of 2005
S. 911	Improving Access to Nurse-Midwifery Care Act of 2005
S. 914	Veterinary Workforce Expansion Act of 2005
S. 915	A bill to provide for the duty-free entry of certain tramway cars and associated spare parts for use by the city of Portland, Oregon.
S. 916	Orchard Detention Basin Flood Control Act
S. 917	A bill to amend title 38, United States Code, to make permanent the pilot program for direct housing loans for Native American veterans.
S. 918	E-85 Fuel Utilization and Infrastructure Development Incentives Act of 2005
S. 919	Railroad Competition Act of 2005
S. 920	Presidential Succession Act of 2005
S. 923	TANF Financial Education Promotion Act of 2005
S. 924	Education for Retirement Security Act of 2005
S. 925	Youth Financial Education Act
S. 926	Natural Gas Production Act of 2005
S. 929	Volunteer Pilot Organization Protection Act of 2005
S. 931	A bill to reduce temporarily the duty on certain articles of natural cork.
S. 933	Rural Community Hospital Assistance Act of 2005
S. 934	Reform Health Care Now Act
S. 935	Fifty Caliber Sniper Weapons Regulation Act of 2005
S. 936	E-Mail Privacy Act of 2005
S. 937	End Demand for Sex Trafficking Act of 2005
S. 938	National Guard and Reserves Housing Equity Act of 2005
S. 939	Debris Removal Act of 2005
S. 941	Suburban and Community Forestry and Open Space Program Act of 2005
S. 942	Virginia Ridge and Valley Act of 2005
S. 943	Crane Conservation Act of 2005
S. 944	Protecting America's Workers Act
S. 945	PROTECTION Act
S. 946	Kid Friendly TV Programming Act of 2005
S. 947	Workplace Wrongful Death Accountability Act
S. 948	Safe Health Care Reporting Act of 2005
S. 949	A bill to require the payment of interest on amounts owed by the United states pursuant to the reliquidation of certain entries under the Tariff Suspension and Trade Act of 2000 and the Miscellaneous Trade and Technical Corrections Act of 2004.
S. 950	END Act of 2005
S. 951	A bill to suspend temporarily the duty on titanium dioxide anatase hombitan LC-S.
S. 952	A bill to suspend temporarily the duty on diethylsulfate.
S. 953	A bill to suspend temporarily the duty on triethylene bis.
S. 954	Firearms Fairness and Security Act
S. 955	Franklin National Battlefield Study Act
S. 956	Jetseta Gage Prevention and Deterrence of Crimes Against Children Act of 2005
S. 957	Clean Coal Power Initiative Act of 2005
S. 958	Star-Spangled Banner National Historic Trail Act
S. 959	Star-Spangled Banner and War of 1812 Bicentennial Commission Act
S. 961	Abandoned Mine Land Reclamation Reform Act of 2005
S. 962	Clean Energy Bonds Act of 2005
S. 963	Veterans' Health Care and Equitable Access Act of 2005
S. 964	Americans Outdoors Act of 2005
S. 966	A bill to designate a United States courthouse located in Fresno, California, as the "Robert E. Coyle United States Courthouse".
S. 967	Prepackaged News Story Announcement Act of 2005
S. 969	Attacking Viral Influenza Across Nations Act of 2005
S. 971	Clean Efficient Automobiles Resulting From Advanced Car Technologies (CLEAR ACT) Act of 2005
S. 975	Project BioShield II Act of 2005
S. 976	A bill striking the Specific Privatization Criteria in ORBIT for Intelsat Separated Entities (New Skies) and Inmarsat and Other Technical Corrections.
S. 981	Reservists Pay Security Act of 2005
S. 982	A bill to suspend temporarily the duty on certain rayon staple fibers.
S. 983	Truth in Employment Act of 2005
S. 985	Kinship Caregiver Support Act
S. 989	Reservists Pay Security Act of 2005
S. 998	A bill to include the State of Idaho as an affected area under the Radiation Exposure Compensation Act (42 U.S.C. 2210 note).
S. 999	Conquering Pain Act of 2005
S. 1000	Palliative Care Training Act
S. 1007	Medicaid Formula Fairness Act of 2005
S. 1011	National Historic Country Store Preservation Act of 2005
S. 1013	Funding Our Risks With Appropriate Resource Disbursement Act of 2005
S. 1014	Supporting Our Patriotic Businesses Act of 2005
S. 1019	Welcome Home G.I. Bill Act of 2005
S. 1020	COMPETE Act of 2005
S. 1021	Workforce Investment Act Amendments of 2005
S. 1028	Military Personnel Financial Services Education Act of 2005
S. 1029	Accessing College through Comprehensive Early Outreach and State Partnerships Act
S. 1030	Financial Aid Form Simplification and Access Act
S. 1031	Electric Reliability Act of 2005
S. 1034	Environmentally Responsible Windpower Act of 2005
S. 1042	National Defense Authorization Act for Fiscal Year 2006
S. 1043	Department of Defense Authorization Act for Fiscal Year 2006
S. 1044	Military Construction Authorization Act for Fiscal Year 2006
S. 1045	Department of Energy National Security Act for Fiscal Year 2006
S. 1049	Covering Kids Act of 2005
S. 1050	Expedited Remedy for Persistent Dumping Act of 2005
S. 1051	Children and Family HIV/AIDS Research and Care Act of 2005
S. 1052	Transportation Security Improvement Act of 2005
S. 1065	A bill to amend title 10, United States Code, to extend child care eligibility for children of members of the Armed Forces who die in the line of duty.
S. 1067	CORE Act of 2005
S. 1074	HeLP America Act
S. 1092	Oil Shale Development Act of 2005
S. 1095	Protecting American Goods and Services Act of 2005
S. 1100	Songwriters Capital Gains Tax Equity Act
S. 1101	Improving Head Start Access for Homeless and Foster Children Act of 2005
S. 1102	A bill to extend the aviation war risk insurance program for 3 years.
S. 1106	Arkansas Valley Conduit Act
S. 1108	Rural Access to Emergency Services Act of 2005
S. 1109	Medicare Ambulance Payment Reform and Rural Equity Act of 2005
S. 1111	Oil Shale and Tar Sand Development Act of 2005
S. 1117	United States-People's Republic of China Cultural Engagement Act
S. 1122	Southeast Arizona Land Exchange and Conservation Act of 2005
S. 1123	A bill to suspend temporarily the duty on certain microphones used in automotive interiors.
S. 1134	A bill to express the sense of Congress on women in combat.
S. 1137	A bill to include dehydroepiandrosterone as an anabolic steroid.
S. 1144	A bill to provide military retirement credit for certain service by National Guard members performed while in a State duty status immediately after the terrorist attacks of September 11, 2001.
S. 1151	Climate Stewardship and Innovation Act of 2005
S. 1153	Coal-based Generation Improvement Act
S. 1162	Montgomery GI Bill for Life Act of 2005
S. 1167	A bill to provide that certain wire rods shall not be subject to any antidumping duty or countervailing duty order.
S. 1195	National Offshore Aquaculture Act of 2005
S. 1197	Violence Against Women Act of 2005
S. 1208	Environmentally Responsible Windpower Act of 2005
S. 1212	A bill to require the Commandant of the Coast Guard to convey the Coast Guard Cutter MACKINAW, upon its scheduled decommissioning, to the City and County of Cheboygan, Michigan, to use for purposes of a museum.
S. 1222	Oil Spill Liability Trust Fund Maintenance Act
S. 1223	Information Technology for Health Care Quality Act
S. 1224	National Oceans Protection Act of 2005
S. 1225	Access to Affordable Health Care Act
S. 1232	Fuels Security Act of 2005
S. 1241	A bill to suspend temporarily the duty on fixed ratio speed changers for truck-mounted concrete mixers.
S. 1242	A bill to suspend temporarily the duty on lutetium oxide.
S. 1243	A bill to reduce temporarily the duty on triethylene glycol bis[3-(3-tert-butyl-4-hydroxy-5-methylphenyl)propionate].
S. 1245	A bill to suspend temporarily the duty on phosphoric acid, lanthanum salt, cerium terbium-doped.
S. 1251	Rocky Flats Environmental Technology Site Act of 2005
S. 1254	A bill to suspend temporarily the duty on nitrocellulose.
S. 1261	Higher Education Simplification and Deregulation Act of 2005
S. 1262	Health TEQ Act of 2005
S. 1263	Save America's Biotechnology Innovative Research Act of 2005
S. 1266	An original bill to permanently authorize certain provisions of the Uniting and Strengthening America by Providing Appropriate Tools Required to Intercept and Obstruct Terrorism (USA PATRIOT) Act of 2001, to reauthorize a provision of the Intelligence Reform and Terrorism Prevention Act of 2004, to clarify certain definitions in the Foreign Intelligence Surveillance Act of 1978, to provide additionaI investigative tools necessary to protect the national security, and for other purposes.
S. 1267	Gearing Up for Academic Success Act
S. 1279	Parent's Right to Know Act of 2005
S. 1280	Coast Guard Authorization Act of 2005
S. 1281	National Aeronautics and Space Administration Authorization Act of 2005
S. 1282	A bill to amend the Communications Satellite Act of 1962 to strike the privatization criteria for INTELSAT separated entities, remove certain restrictions on separated and successor entities to INTELSAT, and for other purposes.
S. 1290	A bill to appropriate $1,975,183,000 for medical care for veterans.
S. 1294	Community Broadband Act of 2005
S. 1296	Ninth Circuit Judgeship and Reorganization Act of 2005
S. 1301	Ninth Circuit Judgeship and Reorganization Act of 2005
S. 1302	Stop the Raid on Social Security Act of 2005
S. 1306	Unrecognized Southeast Alaska Native Communities Recognition and Compensation Act
S. 1307	Dominican Republic-Central America-United States Free Trade Agreement Implementation Act
S. 1316	Red Tide Emergency Relief Act of 2005
S. 1336	Consumer Identity Protection and Security Act
S. 1356	Medicare Value Purchasing Act of 2005
S. 1359	Retirement Savings and Security Act of 2005
S. 1364	Preparing, Recruiting, and Retaining Education Professionals Act of 2005
S. 1370	Flag Protection Act of 2005
S. 1372	FAIR Ratings Act
S. 1379	Rail Security Act of 2005
S. 1385	Fair Treatment and Due Process Protection Act of 2005
S. 1390	Coral Reef Conservation Amendments Act of 2005
S. 1392	FTC Reauthorization Act of 2005
S. 1396	Increased Capital Access for Growing Business Act
S. 1408	Identity Theft Protection Act
S. 1417	Milk Import Tariff Equity Act
S. 1442	Coordinated Environmental Health Network Act of 2005
S. 1446	District of Columbia Appropriations Act, 2006
S. 1465	Ocean and Coastal Literacy in Urban and other Environments
S. 1475	A bill to suspend temporarily the duty on cyclopentanone.
S. 1476	A bill to suspend temporarily the duty on glyoxylic acid.
S. 1495	Obligation of Funds Transparency Act of 2005
S. 1503	Healthy America Act of 2005
S. 1512	A bill to grant a Federal charter to Korean War Veterans Association, Incorporated.
S. 1516	Passenger Rail Investment and Improvement Act of 2005
S. 1520	Human Cloning Ban Act of 2005
S. 1521	A bill to provide for teacher acculturation, and for other purposes.
S. 1530	Community Forestry Conservation Act of 2005
S. 1531	Keeping Seniors Safe from Falls and Reauthorization of the Traumatic Brain Injury Act
S. 1543	Clinical Research Act of 2005
S. 1561	A bill to amend title 36, United States Code, to grant a Federal charter to the Irish American Cultural Institute.
S. 1567	Surface Transportation Safety Improvement Act of 2005
S. 1570	Employer Work Incentive Act for Individuals with Severe Disabilities
S. 1580	Healthcare Equality and Accountability Act
S. 1583	Universal Service for the 21st Century Act
S. 1585	Medicaid Health Plan Rebate Act of 2005
S. 1596	A bill to amend the Public Utility Regulatory Policies Act of 1978 to require electric utilities to provide net metering service.
S. 1597	A bill to award posthumously a Congressional gold medal to Constantino Brumidi.
S. 1600	A bill to amend the Communications Act of 1934 to ensure full access to digital television in areas served by low-power television, and for other purposes.
S. 1602	Improving Long-Term Care Choices Act of 2005
S. 1608	Undertaking Spam, Spyware, And Fraud Enforcement With Enforcers beyond Borders Act of 2006
S. 1614	Higher Education Amendments of 2005
S. 1619	School Environment Protection Act of 2005
S. 1626	A bill to suspend temporarily the duty on certain vinyl chloride-vinyl acetate copolymers.
S. 1650	A bill to suspend temporarily the duty on prohexadione calcium.
S. 1651	A bill to suspend temporarily the duty on methyl methoxy acetate.
S. 1652	A bill to suspend temporarily the duty on methoxyacetic acid.
S. 1653	A bill to suspend temporarily the duty on N-Methylpiperidine.
S. 1654	A bill to suspend temporarily the duty on p-trifluoromethyl benzaldehyde.
S. 1655	A bill to suspend temporarily the duty on quinclorac technical.
S. 1656	A bill to suspend temporarily the duty on pyridaben.
S. 1657	A bill to suspend temporarily the duty on 2-acetylnicotinic acid.
S. 1662	A bill to extend the temporary suspension of duty on a certain ion exchange resin.
S. 1679	Working to Enhance Courts for At-Risk and Endangered Kids Act of 2005
S. 1703	Communications Security Act of 2005
S. 1715	A bill to provide relief for students and institutions affected by Hurricane Katrina, and for other purposes.
S. 1716	Emergency Health Care Relief Act of 2005
S. 1717	Oil and Gas Price Gouging Prevention Act of 2005
S. 1721	National Heritage Area Extension Act of 2005
S. 1722	Advancing FASD Research, Prevention, and Services Act
S. 1735	Energy Emergency Consumer Protection Act of 2005
S. 1753	Warning, Alert, and Response Network Act
S. 1754	A bill to apply the Federal medical assistance percentage determined for a State for fiscal year 2005 for fiscal years 2006 through 2014.
S. 1757	A bill to amend the Internal Revenue code of 1986 to make residents of Puerto Rico eligible for the refundable portion of the child tax credit.
S. 1758	A bill to amend the Indian Financing Act of 1974, to provide for sale and assignment of loans and underlying security, and for other purposes.
S. 1759	A bill to require the Secretary of the Army to remove the remains of Russell Wayne Wagner from Arlington National Cemetery.
S. 1765	Louisiana Katrina Reconstruction Act
S. 1766	Louisiana Katrina Reconstruction Act
S. 1767	A bill to require the Federal Communications Commission to reevaluate the band plans for the upper 700 megaHertz band and the un-auctioned portions of the lower 700 megaHertz band and reconfigure them to include spectrum to be licensed for small geographic areas.
S. 1777	Katrina Emergency Assistance Act of 2006
S. 1778	Medicare Cost-Sharing and Welfare Extension Act of 2005
S. 1780	A bill to amend the Internal Revenue Code of 1986 to provide incentives for charitable contributions by individuals and businesses, to improve the public disclosure of activities of exempt organizations, and to enhance the ability of low-income Americans to gain financial security by building assets, and for other purposes.
S. 1783	Pension Security and Transparency Act of 2005
S. 1786	A bill to authorize the Secretary of Transportation to make emergency airport improvement project grants-in-aid under title 49, United States Code, for repairs and costs related to damage from Hurricanes Katrina and Rita.
S. 1787	Relief to Victims of Hurricane Katrina and Other Natural Disasters Act
S. 1797	Foreign Investment Security Act of 2005
S. 1798	Medicare Do Not Call Act
S. 1803	Intelligence Authorization Act for Fiscal Year 2006
S. 1808	Medicare Beneficiary Assistance Improvement Act
S. 1814	Servicemembers Home Protection Act of 2005
S. 1818	A bill to amend the Internal Revenue Code of 1986 to allow the manufacturing deduction provided by the American Jobs Creation Act of 2004 with respect to income attributable to domestic production activities in any possession of the United States, and for other purposes.
S. 1821	Pandemic Preparedness and Response Act
S. 1822	Medicare HEALS Act of 2005
S. 1824	Strengthen the Earned Income Tax Credit Act of 2005
S. 1835	A bill to authorize the Secretary of Energy to purchase certain essential mineral rights and resolve natural resource damage liability claims.
S. 1839	A bill to authorize additional judgeships for the middle district and southern district of Florida.
S. 1840	Safety Net Inpatient Drug Affordability Act
S. 1845	Circuit Court of Appeals Restructuring and Modernization Act of 2005
S. 1864	A bill to amend the Internal Revenue Code of 1986 to treat certain farming business machinery and equipment as 5-year property for purposes of depreciation.
S. 1873	Biodefense and Pandemic Vaccine and Drug Development Act of 2005
S. 1880	National Biodefense and Pandemic Preparedness Act of 2005
S. 1882	A bill to amend title 49, United States Code, to provide for a national tire fuel efficiency program.
S. 1886	Naval Vessels Transfer Act of 2005
S. 1902	CAMRA Act
S. 1903	Generic Prescription Drug Fairness Act of 2005
S. 1905	A bill to clarify Foreign Service Grievance Board procedures.
S. 1907	Native American Small Business Development Act of 2005
S. 1920	Renewable Diesel Standard Act of 2005
S. 1921	A bill to promote freedom, fairness, and economic opportunity by repealing the income tax and other taxes, abolishing the Internal Revenue Service, and replacing such taxes with a national sales tax and a business tax.
S. 1927	Fair Flat Tax Act of 2005
S. 1929	Faircare Act
S. 1930	Inflammatory Bowel Disease Research Act
S. 1931	A bill to state the policy of the United States on the intercontinental ballistic missile force.
S. 1943	A bill to extend the temporary suspension of duty on 1,5-Naphthalenedisulfonic  acid, 2-[[8-[[4-[[3-[[[2-(ethenylsulfonyl)ethyl]amino]carbonyl]phenyl]amino]-6-fluoro-1,3,5-triazin-2-yl]amino]-1-hydroxy-3,6-disulfo-2-naphthalenyl]azo]-, tetrasodium salt.
S. 1944	A bill to extend the temporary suspension of duty on Cuprate(3-), [2-[[[3-[[4-[[2-[2-(ethenylsulfonyl)ethoxy]ethyl]amino]-6-fluoro-1,3,5-triazin-2-yl]amino]-2-(hydroxy-.kappa.O)-5-sulfophenyl]azo-.kappa.N2]phenylmethyl]azo-.kappa.N1]-4-sulfobenzoato(5-)-.kappa.O],trisodium.
S. 1945	A bill to extend the temporary suspension of duty on 2,7-Naphthalenedisulfonic acid, 5-[[4-chloro-6-[[2-[[4-fluoro-6-[[5-hydroxy-6-[(4-methoxy-2-sulfophenyl)azo]-7-sulfo-2-naphthalenyl]amino]-1,3,5-triazin-2-yl]amino]-1-methylethyl]amino]-1,3,5-triazin-2-yl]amino]-3-[[4-(ethenylsulfonyl)phenyl]azo]-4-hydrox'-, sodium salt.
S. 1946	A bill to extend the temporary suspension of duty on 7,7'-[1,3-propanediylbis[imino(6-fluoro-1,3,5-triazine-4,2-diyl)imino[2-[(aminocarbonyl)amino]-4,1-phenylene]azo]]bis-,sodium salt.
S. 1953	National Employee Savings and Trust Equity Guarantee Act of 2005
S. 1965	Yakima-Tieton Irrigation District Conveyance Act of 2005
S. 1969	A bill to express the sense of the Senate regarding Medicaid reconciliation legislation to be reported by a conference committee during the 109th Congress.
S. 1988	A bill to authorize the transfer of items in the War Reserves Stockpile for Allies, Korea.
S. 1999	YouthBuild Transfer Act of 2005
S. 2012	Magnuson-Stevens Fishery Conservation and Management Reauthorization Act of 2006
S. 2013	United States-Russia Polar Bear Conservation and Management Act of 2005
S. 2014	A bill to amend title 38, United States Code, to expand and enhance educational assistance for survivors and dependents of veterans.
S. 2022	Remote Monitoring Access Act of 2005
S. 2027	United States-Bahrain Free Trade Agreement Implementation Act
S. 2029	Maritime Administration Enhancement Act of 2005
S. 2042	POPs, LRTAP POPs, and PIC Implementation Act of 2005
S. 2056	Liberty Bill Act
S. 2065	Occupational Safety Partnership Act
S. 2066	Occupational Safety Fairness Act
S. 2067	HazCom Simplification and Modernization Act of 2005
S. 2071	Community and Rural Medical Residency Preservation Act of 2005
S. 2084	Portable Generator Safety Act
S. 2109	National Innovation Act of 2005
S. 2116	Supreme Court Grounds Transfer Act of 2005
S. 2119	TANF and Related Programs Extension Act of 2005
S. 2120	Milk Regulatory Equity Act of 2005
S. 2132	A bill to include Idaho and Montana as affected areas for purposes of making claims under the Radiation Exposure Compensation Act (42 U.S.C. 2210 note) based on exposure to atmospheric nuclear testing.
S. 2135	A bill to direct the Secretary of Transportation to report to Congress concerning proposed changes to long-standing policies that prohibit foreign interests from exercising actual control over the economic, competitive, safety, and security decisions of United States airlines, and for other purposes.
S. 2141	A bill to make improvements to the Federal Insurance Deposit Act.
S. 2157	Honor Our Fallen Prisoners of War Act
S. 2164	Health and Welfare Relief Act of 2005
S. 2168	Medicare Drug Benefit Protections Act of 2005
S. 2169	Financial Data Protection Act of 2005
S. 2173	Medicare Dual Eligible Identification and Enrollment Facilitation Act of 2005
S. 2175	A bill to require the submittal to Congress of any Presidential Daily Briefing relating to Iraq during the period beginning on January 20, 1997, and ending on March 19, 2003.
S. 2187	Paul Coverdell Homestead Open Space Preservation and Conservation Act of 2006
S. 2229	Medicare for All Act
S. 2242	Defense Against Regional Threats Act of 2005
S. 2244	CARE Act of 2006
S. 2264	Consumer Phone Record Security Act of 2006
S. 2265	Pork-Barrel Reduction Act
S. 2291	Responsible Public Readiness and Emergency Preparedness Act
S. 2310	A bill to repeal the requirement for 12 operational aircraft carriers within the Navy.
S. 2332	American Broadband for Communities Act
S. 2340	Community Cancer Care Preservation Act of 2006
S. 2357	Right TRACK Act
S. 2378	Broadband Data and E-rate Improvement Act
S. 2382	Small Employers Health Benefits Program Act of 2006
S. 2385	Combat-Related Special Compensation Act of 2006
S. 2389	Protecting Consumer Phone Records Act
S. 2411	A bill to reliquidate certain entries of salmon.
S. 2440	Oil Pollution Prevention and Response Act of 2006
S. 2446	American Fuels Act of 2006
S. 2471	A bill to suspend temporarily the duty on Basic Red 1 Dye.
S. 2472	A bill to suspend temporarily the duty on Basic Red 1:1 Dye.
S. 2473	A bill to suspend temporarily the duty on Basic Violet 11 Dye.
S. 2474	A bill to suspend temporarily the duty on Basic Violet 11:1 Dye.
S. 2476	A bill to suspend temporarily the duty on N-Cyclohexylthiophthalimide.
S. 2477	A bill to suspend temporarily the duty on 4,4'-Dithiodimorpholine.
S. 2478	A bill to suspend temporarily the duty on Tetraethylthiuram Disulfide.
S. 2479	A bill to suspend temporarily the duty on certain Tetramethylthiuram Disulfide.
S. 2507	National Defense Authorization Act for Fiscal Year 2007
S. 2510	Small Employers Health Benefits Program Act of 2006
S. 2513	A bill to suspend temporarily the duty on Spiroxamine.
S. 2514	A bill to reduce temporarily the duty on Bronate Advanced.
S. 2515	A bill to suspend temporarily the duty on Cyclanilide technical.
S. 2516	A bill to suspend temporarily the duty on Beta-cyfluthrin.
S. 2517	A bill to suspend temporarily the duty on 4-Chlorobenzaldehyde.
S. 2518	A bill to modify the article description relating to 2-Chlorobenzyl chloride, and for other purposes.
S. 2519	A bill to suspend temporarily the duty on Spiromesifen.
S. 2520	A bill to suspend temporarily the duty on Thiacloprid.
S. 2521	A bill to suspend temporarily the duty on Pyrimethanil.
S. 2522	A bill to extend the temporary suspension of duty with respect to Iprodione, and for other purposes.
S. 2523	A bill to reduce temporarily the duty on Trifloxystrobin.
S. 2524	A bill to suspend temporarily the duty on NAHP.
S. 2525	A bill to suspend temporarily the duty on Foramsulfuron.
S. 2526	A bill to extend the temporary suspension of duty with respect to Ethoprop.
S. 2527	A bill to suspend temporarily the duty on Fenamidone.
S. 2528	A bill to suspend temporarily the duty on Alkylketone.
S. 2529	A bill to suspend temporarily the duty on Oxadiazon.
S. 2530	A bill to suspend temporarily the duty on 4-Methyl-5-n-propoxy-2,4-dihydro-1,2,4-triazol-3-one.
S. 2531	A bill to extend the temporary suspension of duty with respect to Fosetyl-Al.
S. 2532	A bill to reduce temporarily the duty on Cyclopropane-1,1-dicarboxylic acid, dimethyl ester.
S. 2533	A bill to suspend temporarily the duty on Phosphorus Thiochloride.
S. 2534	A bill to suspend temporarily the duty on 2,4-Dichloroaniline.
S. 2535	A bill to suspend temporarily the duty on Mixtures of (+-)-(cis and trans)-1[[2-(2,4-Dichlorophenyl)-4-propyl-1,3-dioxolan-2-yl]-methyl]-1H-1,2,4-triazole.
S. 2536	A bill to suspend temporarily the duty on 2-Acetylbutyrolactone.
S. 2537	A bill to suspend temporarily the duty on Cyfluthrin (Baythroid).
S. 2538	A bill to suspend temporarily the duty on Bromoxynil Octanoate Tech.
S. 2539	A bill to suspend temporarily the duty on Bromoxynil Meo.
S. 2540	A bill to suspend temporarily the duty on Deltamethrin.
S. 2541	A bill to suspend temporarily the duty on Quinoline, 6 ethoxy 1,2 dihydro 2,2,4 trimethyl.
S. 2542	A bill to suspend temporarily the duty on tricholorobenzene.
S. 2543	A bill to suspend temporarily the duty on 1,3-Dibromo-5-dimethyl-hydantoin.
S. 2544	A bill to suspend temporarily the duty on MCPA.
S. 2546	A bill to extend the temporary suspension of duty with respect to Flufenacet (FOE hydroxy).
S. 2571	Breaking Our Long-Term Dependence Energy Act of 2006
S. 2579	A bill to suspend temporarily the duty on certain leather basketballs.
S. 2580	A bill to suspend temporarily the duty on certain rubber basketballs.
S. 2581	A bill to suspend temporarily the duty on certain volleyballs.
S. 2582	A bill to suspend temporarily the duty on certain basketballs.
S. 2583	A bill to suspend temporarily the duty on certain synthetic basketballs.
S. 2588	Health Care Access for Small Businesses Act of 2006
S. 2611	Comprehensive Immigration Reform Act of 2006
S. 2612	Comprehensive Immigration Reform Act of 2006
S. 2623	A bill to suspend temporarily the duty on 40% Polymer acid salt/polymer amide 60% butyl acetate.
S. 2647	A bill to suspend temporarily the duty on certain acrylic fiber tow imported in the form of 6 sub-bundles.
S. 2648	A bill to suspend temporarily the duty on certain acrylic fiber tow.
S. 2653	Call Home Act of 2006
S. 2660	A bill to amend the National Security Act of 1947 to require notice to Congress of certain declassifications of intelligence information, and for other purposes.
S. 2668	Reducing Fraudulent and Imitation Drugs Act of 2006
S. 2683	A bill to suspend temporarily the duty on 2-cyanopyridine.
S. 2684	A bill to suspend temporarily the duty on Mixed Xylidines
S. 2685	A bill to suspend temporarily the duty on certain textured rolled glass sheets.
S. 2686	Communications, Consumer's Choice, and Broadband Deployment Act of 2006
S. 2692	A bill to suspend temporarily the duty on certain microphones used in automotive interiors.
S. 2705	A bill to suspend temporarily the duty on Hexythiazox Technical.
S. 2706	A bill to suspend temporarily the duty on Dimethyl Disulfide (DMDS).
S. 2709	A bill to temporarily suspend the duty on muzzles for dogs.
S. 2710	A bill to temporarily suspend the duty on dog leashes.
S. 2711	A bill to temporarily suspend the duty on harnesses for dogs.
S. 2712	A bill to temporarily suspend the duty on collars for dogs.
S. 2713	A bill to temporarily suspend the duty on certain reception apparatus.
S. 2714	A bill to temporarily suspend the duty on certain reception apparatus.
S. 2715	A bill to temporarily suspend the duty on certain clock radio combos.
S. 2716	A bill to temporarily reduce the duty on floor coverings and mats of vulcanized rubber.
S. 2717	A bill to temporarily reduce the duty on manicure and pedicure sets.
S. 2726	A bill to suspend temporarily the duty on Acid Blue 80.
S. 2727	A bill to extend the temporary suspension of duty on Solvent blue 124.
S. 2728	A bill to extend the temporary suspension of duty on Pigment Red 185.
S. 2729	A bill to suspend temporarily the duty on Pigment Brown 25.
S. 2730	A bill to extend the temporary suspension of duty on Pigment Yellow 175.
S. 2731	A bill to suspend temporarily the duty on Pigment Yellow 213.
S. 2732	A bill to suspend temporarily the duty on Pigment Yellow 219.
S. 2733	A bill to extend the temporary suspension of duty on Pigment Yellow 154.
S. 2734	A bill to suspend temporarily the duty on Pigment Blue 80.
S. 2737	A bill to extend the temporary suspension of duty on benzoic acid, 2-amino-4-[[(2,5-dichlorophenyl)amino]carbonyl]-, methyl ester.
S. 2738	A bill to extend the temporary suspension of duty on Pigment Red 187.
S. 2739	A bill to suspend temporarily the duty on Pigment Yellow 214.
S. 2740	A bill to suspend temporarily the duty on Pigment Yellow 180.
S. 2741	A bill to extend the temporary suspension of duty on Solvent blue 104.
S. 2742	A bill to extend the temporary suspension of duty on 4-amino-2,5-dimethoxy-N-phenylbenzene sulfonamide.
S. 2743	A bill to extend the temporary suspension of duty on 1-oxa-3, 20-Diazadispiro [5.1.11.2] Heneicosan-21-one 2,2,4,4-Tetramethyl, reaction products with Epichloro-hydrin, hydrolyzed and polymerized.
S. 2744	A bill to suspend temporarily the duty on isobutyl parahydroxybenzoic acid and its sodium salt.
S. 2745	A bill to suspend temporarily the duty on phospinic acid, diethyl-, aluminum salt.
S. 2750	Access to Emergency Medical Services Act of 2006
S. 2751	National Integrated Drought Information System Act of 2006
S. 2760	A bill to suspend the duty on imports of ethanol, and for other purposes.
S. 2766	John Warner National Defense Authorization Act for Fiscal Year 2007
S. 2767	Department of Defense Authorization Act for Fiscal Year 2007
S. 2768	Military Construction Authorization Act for Fiscal Year 2007
S. 2769	Department of Energy National Security Act for Fiscal Year 2007
S. 2772	Health Partnership Act
S. 2775	A bill to extend the temporary suspension of duty on electrical radio broadcast receivers not combined with a clock.
S. 2776	A bill to extend the temporary suspension of duty on electrical radio broadcast receivers combined with a clock.
S. 2777	A bill to extend the temporary suspension of duty on hand-held radio scanners.
S. 2779	Respect for America's Fallen Heroes Act
S. 2785	Gold Star Parents Annuity Act of 2006
S. 2791	A bill to amend title 46 and 49, United States Code, to provide improved maritime, rail, and public transportation security, and for other purposes.
S. 2799	A bill to suspend temporarily the duty on 4-Methoxy-2-methyldiphenylamine.
S. 2802	American Innovation and Competitiveness Act of 2006
S. 2804	A bill to extend the duty suspension on polysiloxane.
S. 2806	A bill to suspend temporarily the duty on sodium hypophosphite.
S. 2808	A bill to suspend temporarily the duty on textured rolled glass sheets.
S. 2809	A bill to suspend temporarily the duty on 4,4'-Diaminostilbene-2,2'-disulfonic acid.
S. 2810	Medicare Late Enrollment Assistance Act of 2006
S. 2818	A bill to reduce temporarily the duty on automatic shower cleaners.
S. 2830	Corporate Average Fuel Economy Reform Act of 2006
S. 2833	A bill to suspend temporarily the duty on certain athletic footwear for men and boys.
S. 2834	A bill to suspend temporarily the duty on certain athletic shoes.
S. 2835	A bill to suspend temporarily the duty on certain leather footwear for persons other than men or women.
S. 2836	A bill to suspend temporarily the duty on certain other work footwear.
S. 2837	A bill to suspend temporarily the duty on certain leather and textile footwear.
S. 2838	A bill to reduce temporarily the duty on certain rubber or plastic footwear.
S. 2839	A bill to reduce temporarily the duty on certain footwear for men.
S. 2840	A bill to suspend temporarily the duty on certain welt footwear.
S. 2841	A bill to reduce temporarily the duty on certain turn or turned footwear.
S. 2842	A bill to suspend temporarily the duty on certain work footwear with outer soles of leather.
S. 2843	A bill to suspend temporarily the duty on certain footwear with outer soles of rubber or plastics and with open toes or heels.
S. 2844	A bill to suspend temporarily the duty on certain athletic footwear.
S. 2845	A bill to reduce temporarily the duty on certain women's footwear.
S. 2846	A bill to suspend temporarily the duty on certain work footwear.
S. 2847	A bill to suspend temporarily the duty on certain footwear with open toes or heels.
S. 2848	A bill to suspend temporarily the duty on certain footwear.
S. 2849	A bill to suspend temporarily the duty on certain sports shoes.
S. 2850	A bill to suspend temporarily the duty on certain house slippers.
S. 2851	A bill to extend the temporary suspension of duty on sodium methylate powder (NA methylate powder).
S. 2852	A bill to extend the temporary suspension of duty on allyl isosulfocyanate.
S. 2853	A bill to suspend temporarily the duty on 1,2 Hexanediol.
S. 2858	A bill to reduce temporarily the duty on acrylic or modacrylic synthetic staple fibers, not carded, combed, or otherwise processed for spinning.
S. 2859	A bill to reduce temporarily the duty on acrylic or modacrylic synthetic filament tow.
S. 2860	A bill to suspend temporarily the duty on Acrylic or modacrylic synthetic staple fibers, not carded, combed, or otherwise processed for shipping.
S. 2861	A bill to suspend temporarily the duty on Chloral.
S. 2862	A bill to suspend temporarily the duty on Imidacloprid Technical (Imidacloprid)
S. 2863	A bill to suspend temporarily the duty on Triadimefon.
S. 2864	A bill to suspend temporarily the duty on ACM.
S. 2865	A bill to suspend temporarily the duty on Permethrin.
S. 2866	A bill to suspend temporarily the duty on Thidiazuron.
S. 2867	A bill to suspend temporarily the duty on Flutolanil.
S. 2868	A bill to suspend temporarily the duty on Resmethrin.
S. 2869	A bill to suspend temporarily the duty on Clothianidin.
S. 2870	A bill to suspend temporarily the duty on Mesotrione Technical.
S. 2871	A bill to suspend temporarily the duty on MKH 6561 Isocyanate.
S. 2872	A bill to suspend temporarily the duty on Endosulfan.
S. 2873	A bill to suspend temporarily the duty on mixtures of methyl 4-iodo-2-[3-(4-methoxy-6-methyl-1,3,5-triazin-2-yl)ureidosulfonyl]benzoate, sodium salt.
S. 2874	A bill to suspend temporarily the duty on Ethyl 4,5-dihydro-5,5-diphenyl-1,2-oxazole-3-carboxylate (Isoxadifen-ethyl).
S. 2875	A bill to suspend temporarily the duty on (5-cyclopropyl-4-isoxazolyl)[2-(methylsulfonyl)-4-(trifluoromethyl)phenyl]methoanone (Isoxaflutole).
S. 2876	A bill to suspend temporarily the duty on Methyl 2-[(4,6-dimethoxypyrimidin-2-ylcarbamoyl)sulfamoyl]-a-(methanesulfonamido)-p-toluate (Mesosulfuron-methyl) (CAS No. 208465-21-8) whether or not mixed with application adjuvants.
S. 2877	A bill to suspend temporarily the duty on mixtures of Foramsulfuron and Iodosulfuron-methyl-sodium.
S. 2878	A bill to suspend temporarily the duty on formulations of Prosulfuron.
S. 2879	A bill to suspend temporarily the duty on Spirodiclofen.
S. 2880	A bill to suspend temporarily the duty on Propamocarb HCL (Previcur).
S. 2881	A bill to suspend temporarily the duty on chloracetic acid, ethyl ester.
S. 2882	A bill to suspend temporarily the duty on chloroacetic acid, sodium salt.
S. 2883	A bill to suspend temporarily the duty on Phenmedipham.
S. 2885	A bill to suspend temporarily the duty on Desmedipham.
S. 2886	A bill to extend temporarily the suspension of duty on Methidathion Technical.
S. 2887	A bill to extend temporarily the suspension of duty on difenoconazole.
S. 2888	A bill to extend temporarily the suspension of duty on Lambda-Cyhalothrin.
S. 2889	A bill to extend temporarily the suspension of duty on cyprodinil.
S. 2890	A bill to extend temporarily the suspension of duty on Wakil XL.
S. 2891	A bill to extend temporarily the suspension of duty on Azoxystrobin Technical.
S. 2892	A bill to extend temporarily the suspension of duty on mucochloric acid.
S. 2893	A bill to extend temporarily the suspension of duty on Trinexapac-ethyl.
S. 2894	A bill to extend temporarily the suspension of duty on triasulfuron.
S. 2895	A bill to extend temporarily the suspension of duty on Imidacloprid pesticides.
S. 2896	A bill to extend temporarily the suspension of duty on crotonic acid.
S. 2897	A bill to extend temporarily the suspension of duty on 3,6,9-Trioxaundecanedioic acid.
S. 2898	A bill to extend temporarily the suspension of duty on 1,3-Benzenedicarboxamide, N, N'-Bis (2,2,6,6-tetramethyl-4-piperidinyl)-).
S. 2899	A bill to extend temporarily the suspension of duty on reaction products of phosphorus trichloride with 1,1'-biphenyl and 2,4-bis(1,1-dimethylethyl)phenol).
S. 2900	A bill to extend temporarily the suspension of duty on preparations based on ethanediamide, N-(2-ethoxyphenyl)-N'-(4-isodecylphenyl)-).
S. 2901	A bill to extend temporarily the suspension of duty on 1-Acetyl-4-(3-dodecyl-2,5-dioxo-1-pyrrolidinyl)-2,2,6,6-tetramethylpiperidine.
S. 2902	A bill to extend temporarily the suspension of duty on 3-Dodecyl-1-(2,2,6,6-tetramethyl-4-piperidinyl)-2,5-pyrrolidinedione).
S. 2903	A bill to extend temporarily the suspension of duty on Tetraacetylethylenediamine.
S. 2904	A bill to extend temporarily the suspension of duty on sodium esters of parahydroxybenzoic acid.
S. 2905	A bill to extend temporarily the suspension of duty on sodium petroleum sulfonate.
S. 2906	A bill to extend temporarily the suspension of duty on Diclofop methyl.
S. 2907	A bill to extend temporarily the suspension of duty on asulam sodium salt.
S. 2908	A bill to extend temporarily the suspension of duty on ethofumesate.
S. 2909	A bill to extend temporarily the suspension of duty on Nemacur VL.
S. 2910	A bill to modify the provisions relating to formulations of Triasulfuron and Dicamba.
S. 2911	A bill to modify the provisions relating to formulations of Ethanediamide, N-(2-ethoxyphenyl)-N'-(2-ethylphenyl)-).
S. 2922	A bill to suspend temporarily the duty on certain machines used in the assembly of motorcycle wheels.
S. 2923	A bill to extend temporarily the suspension of duty on Vinclozolin.
S. 2924	A bill to suspend temporarily the duty on brominated polystyrene flame retardant.
S. 2925	A bill so suspend temporarily the duty on naphthalen-1-yl methylaminoformate.
S. 2926	A bill to extend temporarily the suspension of duty on Fast Yellow 746 Stage.
S. 2927	A bill to extend temporarily the suspension of duty on Esfenvalerate.
S. 2928	A bill to extend temporarily the suspension of duty on Yellow 1 Stage.
S. 2929	A bill to extend temporarily the suspension of duty on Benzyl carbazate.
S. 2930	A bill to extend temporarily the suspension of duty on ink jet textile printing machinery.
S. 2931	A bill to extend temporarily the suspension of duty on Magenta 3B-OA Stage.
S. 2932	A bill to extend temporarily the suspension of duty on Cyan 1 special liquid feed.
S. 2933	A bill to extend temporarily the suspension of duty on 1-[[2-(2,4-dichlorophenyl)-4-propyl-1,3-dioxolan-2-yl]-methyl]-1H-1,2,4-triazole).
S. 2934	A bill to suspend temporarily the duty on Triasulfuron technical.
S. 2935	A bill to suspend temporarily the duty on Brodifacoum technical.
S. 2936	A bill to suspend temporarily the duty on Pymetrozine technical.
S. 2937	A bill to suspend temporarily the duty on formulations of thiamethoxam, difenoconazole, fludioxinil, and mefenoxam.
S. 2938	A bill to suspend temporarily the duty on Cypermethrin.
S. 2939	A bill to suspend temporarily the duty on Yellow 1189.
S. 2940	A bill to suspend temporarily the duty on Yellow 104.
S. 2941	A bill to suspend temporarily the duty on Magenta 377.
S. 2942	A bill to suspend temporarily the duty on Black 1334.
S. 2943	A bill to suspend temporarily the duty on certain men's footwear with coated or laminated textile fabrics.
S. 2944	A bill to extend temporarily the reduction of duty on Thiamethoxam technical.
S. 2945	A bill to extend temporarily the suspension of duty on Thiamethoxam technical.
S. 2946	A bill to suspend temporarily the duty on trifloxysulfuron-sodium technical.
S. 2947	A bill to extend temporarily the suspension of duty on Fast Yellow 2 Stage Liquid Feed.
S. 2948	A bill to suspend temporarily the duty on certain women's footwear with coated or laminated textile fabrics.
S. 2949	A bill to suspend temporarily the duty on certain footwear valued over $20 a pair with coated or laminated textile fabrics.
S. 2950	A bill to suspend temporarily the duty on certain men's footwear valued over $20 a pair with coated or laminated textile fabrics.
S. 2951	A bill to suspend temporarily the duty on certain women's footwear valued over $20 a pair with coated or laminated textile fabrics.
S. 2952	A bill to suspend temporarily the duty on certain other footwear valued over $20 a pair with coated or laminated textile fabrics.
S. 2953	A bill to reduce temporarily the duty on certain men's footwear covering the ankle with coated or laminated textile fabrics.
S. 2954	A bill to reduce temporarily the duty on certain footwear not covering the ankle with coated or laminated textile fabrics.
S. 2955	A bill to reduce temporarily the duty on certain women's footwear covering the ankle with coated or laminated textile fabrics.
S. 2956	A bill to reduce temporarily the duty on certain women's footwear not covering the ankle with coated or laminated textile fabrics.
S. 2957	A bill to reduce temporarily the duty on certain other footwear covering the ankle with coated or laminated textile fabrics.
S. 2958	A bill to reduce temporarily the duty on certain footwear with coated or laminated textile fabrics.
S. 2959	A bill to suspend temporarily the duty on 2-Methyl-4-methoxy-6-methylamino-1,3,5-triazine.
S. 2960	A bill to suspend temporarily the duty on 2-Amino-4-methoxy-6-methyl-1,3,5-triazine.
S. 2961	A bill to reduce temporarily the duty on mixtures of sodium-2-chloro-6-[(4,6 dimethoxypyrimidin-2-yl)thio]benzoate and application adjuvants (pyrithiobac-sodium).
S. 2962	A bill to extend temporarily the suspension of duty on Methyl-4-trifluor omethoxyphenyl-N-(chlorocarbonyl) carbamate.
S. 2963	A bill to suspend temporarily the duty on formulated products containing mixtures of the active ingredient 2-chloro-n-[[(4-methoxy-6-methyl-1,3,5-triazin-2yl)amino]carbonyl] benzenesulfonamide and application adjuvants.
S. 2964	A bill to extend temporarily the suspension of duty on Mixtures of N-[[(4,6-dimethoxypyrimidin-2-yl)amino]carbonyl]-3-(ethylsulfonyl)-2-pyridinesulfonamide and application adjuvants, and for other purposes.
S. 2965	A bill to amend the Harmonized Tariff Schedule of the United States to provide duty free treatment for Propylene Glycol Alginates (PGA).
S. 2966	A bill to suspend temporarily the duty on AC electric motors of an output exceeding 74.6 W but not exceeding 85 W.
S. 2967	A bill to suspend temporarily the duty on AC electric motors of an output exceeding 74.6 W but not exceeding 105 W.
S. 2968	A bill to suspend temporarily the duty on certain AC electric motors.
S. 2969	A bill to suspend temporarily the duty on AC electric motors of an output exceeding 74.6 W but not exceeding 95 W.
S. 2971	A bill to suspend temporarily the duty on non-high definition color television reception apparatus, having a single liquid crystal display for direct viewing exceeding 37 cm but not exceeding 39 cm.
S. 2972	A bill to suspend temporarily the duty on certain 16-inch variable speed scroll saw machines.
S. 2973	A bill to suspend temporarily the duty on certain standard laminate wood molding measuring less than 8-feet in length but greater than 4-feet in length.
S. 2974	A bill to suspend temporarily the duty on certain laminate wood molding measuring less than 4-feet in length.
S. 2975	A bill to suspend temporarily the duty on certain laminate wood floor molding, other than standard molding, less than 4-feet in length but greater than 3-feet in length.
S. 2976	A bill to suspend temporarily the duty on 6-inch bench grinders for grinding, polishing or otherwise finishing metal or cement, valued under $3,025 each.
S. 2977	A bill to suspend temporarily the duty on 8-inch bench grinders for grinding, polishing or otherwise finishing metal or cement, valued under $3,025 each.
S. 2978	A bill to suspend temporarily the duty on 12 or 18 gauge hanging wire.
S. 2979	A bill to extend temporarily the suspension of duty on Pyromellitic Dianhydride.
S. 2980	A bill to suspend temporarily the duty on 3,4-Dimethoxybenzaldehyde.
S. 2981	A bill to suspend temporarily the duty on 2-Aminothiophenol.
S. 2982	A bill to suspend temporarily the duty on Solvent red 227.
S. 2986	A bill to extend the temporary suspension of duty on railway car body shells of stainless steel designed for use in gallery type cab control railway cars.
S. 2987	A bill to extend the temporary suspension of duty on railway car body shells of stainless steel designed for gallery type railway cars.
S. 2988	A bill to extend the temporary suspension of duty on railway car body shells for electric multiple unit commuter coaches of stainless steel.
S. 2991	A bill to suspend temporarily the duty on epoxy curing agents.
S. 2992	A bill to suspend temporarily the duty on mixtures of formaldehyde polymer and toluene.
S. 2995	A bill to suspend temporarily the duty on Butanedioic acid, dimethylester polymer with 4-hyroxy-2,2,6,6-tetramethyl-1-piperdine ethanol.
S. 2996	A bill to suspend temporarily the duty on 2-(2H-Benzotriazol-2-yl)-4,6-bis(1,1-dimethylpropyl)phenol.
S. 2997	A bill to suspend temporarily the duty on Decanedioic acid, bis(2,2,6,6-tetramethyl-4-piperidinyl) ester.
S. 2998	A bill to suspend temporarily the duty on 1,2-Bis(3-aminopropyl)ethylenediamine, polymer with N-butyl-2,2,6,6-tetramethyl-4-piperidinamine and 2,4,6-trichloro-1,3,5-triazine.
S. 3001	Foreign Intelligence Surveillance Improvement and Enhancement Act of 2006
S. 3002	A bill to suspend temporarily the duty on a mixture of barium carbonate, strontium carbonate, calcium carbonate, methoxy-2-propananolacetate-1, for use as emitter suspension cathode coating.
S. 3003	A bill to suspend temporarily the duty on resin cement based on calcium carbonate and silicone resins.
S. 3004	A bill to suspend temporarily the duty on Phosphor YOX, yttrium oxide phosphor, activated by europium.
S. 3005	A bill to suspend temporarily the duty on Phosphor-BAG-barium magnesium aluminate phosphor.
S. 3006	A bill to suspend temporarily the duty on Yttrium vanadate phosphor.
S. 3007	A bill to suspend temporarily the duty on phosphor SCAP strontium chloroapatite-europium.
S. 3008	A bill to suspend temporarily the duty on preformed pellets of a mixture of sodium iodide, thallium iodide, dysprosium tri-iodide, holmium tri-iodide, thulium tri-iodide, and sometimes calcium iodide.
S. 3009	A bill to suspend temporarily the duty on aluminum nitrate.
S. 3010	A bill to suspend temporarily the duty on Halophosphor calcium diphosphate.
S. 3011	A bill to suspend temporarily the duty on phosphor zinc silicate.
S. 3012	A bill to suspend temporarily the duty on strontium magnesium phosphate-tin doped.
S. 3013	A bill to suspend temporarily the duty on phosphor-YOF FLU PDR YOX; yttrium oxide phosphor, activated by europium.
S. 3014	A bill to suspend temporarily the duty on phosphor-stronrium blue, strontium fluorophosphate, antimony.
S. 3016	A bill to suspend temporarily the duty on ceramic frit powder.
S. 3021	A bill to suspend temporarily the duty on Cerous nitrate.
S. 3022	A bill to suspend temporarily the duty on certain camel hair.
S. 3023	A bill to suspend temporarily the duty on waste of camel hair.
S. 3024	A bill to suspend temporarily the duty on certain camel hair carded or combed.
S. 3025	A bill to suspend temporarily the duty on woven fabric of vicuna hair.
S. 3026	A bill to suspend temporarily the duty on certain camel hair not processed.
S. 3027	A bill to suspend temporarily the duty on noils of camel hair.
S. 3028	A bill to suspend temporarily the duty on kashmir.
S. 3029	A bill to extend temporarily the suspension of duty on combed cashmere.
S. 3030	A bill to extend the period for unemployment compensation under the Katrina Emergency Assistance Act of 2006.
S. 3031	A bill to suspend temporarily the duty on certain articles of platinum.
S. 3032	A bill to suspend temporarily the duty on certain nickel alloy wire.
S. 3033	A bill to suspend temporarily the duty on Methylionone.
S. 3034	A bill to suspend temporarily the duty on titanium mononitride.
S. 3036	A bill to suspend temporarily the duty on Vulcuren UPKA 1988.
S. 3037	A bill to suspend temporarily the duty on Vullcanox 41010 NA/LG.
S. 3038	A bill to suspend temporarily the duty on Vulkazon AFS/LG.
S. 3039	A bill to suspend temporarily the duty on Cohedur RL.
S. 3040	A bill to extend the temporary suspension of duty on Vulkalent E/C.
S. 3041	A bill to suspend temporarily the duty on Benzoyl Chloride.
S. 3043	A bill to suspend temporarily the duty on certain refracting and reflecting telescopes.
S. 3044	A bill to suspend temporarily the duty on hydraulic control units.
S. 3045	A bill to suspend temporarily the duty on converter asy.
S. 3046	A bill to suspend temporarily the duty on module and bracket asy-power steering.
S. 3047	A bill to reduce temporarily the duty on unit asy-battery hi volt.
S. 3048	A bill to reduce temporarily the duty on certain transaxles.
S. 3049	A bill to suspend temporarily the duty on shield asy-steering gear.
S. 3050	A bill to suspend temporarily the duty on booster and master cyl asy-brake.
S. 3051	A bill to suspend temporarily the duty on synthetic staple fiber of polyester.
S. 3052	A bill to suspend temporarily the duty on synthetic staple fiber of polyester having a scalloped oval cross section.
S. 3053	A bill to suspend temporarily the duty on synthetic elastic staple fiber.
S. 3054	A bill to suspend temporarily the duty on synthetic staple fiber.
S. 3056	A bill to extend temporarily the suspension of duty on 4,4'-Oxydiphthalic Anhydride.
S. 3057	A bill to extend temporarily the suspension of duty on 4,4'-Oxydianiline.
S. 3058	A bill to extend temporarily the suspension of duty on 3,3',4,4'-Biphenyltetracarboxylic Dianhydride.
S. 3059	A bill to extend temporarily the suspension of duty on difenoconazole.
S. 3060	A bill to extend temporarily the suspension of duty on Pyromellitic Dianhydride.
S. 3065	A bill to reduce temporarily the duty on (IPN) Isophthalonitrile.
S. 3066	A bill to reduce temporarily the duty on Paraquat Dichloride.
S. 3067	A bill to reduce temporarily the duty on NOA 446510 Technical.
S. 3070	A bill to suspend temporarily the duty on certain aramid chopped fiber.
S. 3071	A bill to suspend temporarily the duty on fabric woven with certain continuous filament wholly nylon type-66 textured yarns.
S. 3072	A bill to extend temporarily the suspension of duty on Ethyl pyruvate.
S. 3073	A bill to suspend temporarily the duty on Indoxacarb.
S. 3074	A bill to suspend temporarily the duty on Dimethyl carbonate.
S. 3075	A bill to reduce temporarily the duty on Polyethylene HE1878.
S. 3076	A bill to suspend temporarily the duty on 5-Chloro-1-indanone (EK179).
S. 3077	A bill to suspend temporarily the duty on Mixtures of famoxadone and Cymoxanil.
S. 3078	A bill to extend temporarily the suspension of duty on Methylthioglycolate (MTG).
S. 3079	A bill to extend temporarily the suspension of duty on Methyl-4-trifluor omethoxyphenyl-N-(chlorocarbonyl) carbamate).
S. 3080	A bill to suspend temporarily the duty on other footwear with outer soles of rubber, plastics, leather or composition leather and uppers of leather, valued not over $2.50 per pair.
S. 3081	A bill to suspend temporarily the duty on high accuracy, metal, marine sextants, used for navigating by celestial bodies.
S. 3082	A bill to suspend temporarily the duty on step up padded potty seats.
S. 3083	A bill to suspend temporarily the duty on traveler padded potty seats.
S. 3084	A bill to suspend temporarily the duty on bath tub safe-er-grips.
S. 3085	A bill to suspend temporarily the duty on Brotje upper heads and lower rams for skin fastener machines.
S. 3086	A bill to suspend temporarily the duty on Brotje nose wheel well machines.
S. 3087	A bill to suspend temporarily the duty on Brotje automated frame riveter machines.
S. 3088	A bill to suspend temporarily the duty on Brotje IPAC (integrated panel assembly cell) machines.
S. 3089	A bill to suspend temporarily the duty on Serra automated guided vehicles.
S. 3090	A bill to suspend temporarily the duty on M. Torres laser scribe machines.
S. 3091	A bill to suspend temporarily the duty on Okuma horizontal milling machines.
S. 3092	A bill to suspend temporarily the duty on Okuma double column drilling machines.
S. 3093	A bill to suspend temporarily the duty on M. Torres multi-axis routing machines with universal holding fixtures.
S. 3094	A bill to suspend temporarily the duty on Handtmann multi-axis drilling and routing machines.
S. 3095	A bill to suspend temporarily the duty on pedestal assembly, positive pressure relief valves.
S. 3096	A bill to suspend temporarily the duty on valve assemblies (vacuum relief).
S. 3097	A bill to suspend temporarily the duty on seals, aerodynamic, fireproof.
S. 3098	A bill to suspend temporarily the duty on seals, rear spar, wing center section.
S. 3099	A bill to suspend temporarily the duty on seal assemblies, rear spar.
S. 3100	A bill to suspend temporarily the duty on fabric covered aerodynamic seals.
S. 3101	A bill to suspend temporarily the duty on seals, ECS door, front spar.
S. 3102	A bill to suspend temporarily the duty on seals, seals, vertical, horizontal stabilizer to body gap.
S. 3103	A bill to suspend temporarily the duty on seals, outboard, trailing edge.
S. 3104	A bill to suspend temporarily the duty on numerous other seals made of rubber or silicone, and covered with, or reinforced with, a fabric material.
S. 3105	A bill to suspend temporarily the duty on seals, aerodynamic, balance bay, aileron.
S. 3106	A bill to extend the temporary suspension of duty on 2-(Methoxycarbonyl)benzylsulfonamide.
S. 3107	A bill to suspend temporarily the duty on ESPI.
S. 3108	A bill to suspend temporarily the duty on CMBSI.
S. 3109	A bill to suspend temporarily the duty on contoured padded infant potty seats.
S. 3110	A bill to suspend temporarily the duty on bulb seals, slat cove.
S. 3111	A bill to suspend temporarily the duty on certain printed circuit assemblies and other parts of measuring equipment for telecommunications.
S. 3112	A bill to suspend temporarily the duty on automated robotic drill systems.
S. 3113	A bill to suspend temporarily the duty on wing illumination lights.
S. 3118	A bill to liquidate or reliquidate certain entries of frozen fish.
S. 3119	A bill to suspend temporarily the duty on exterior emergency lights.
S. 3120	A bill to suspend temporarily the duty on certain parts and accessories of measuring or checking instruments.
S. 3123	A bill to suspend temporarily the duty on ski and snowboard pants.
S. 3124	A bill to suspend temporarily the duty on ski boots, cross country ski footwear and snowboard boots.
S. 3125	A bill to suspend temporarily the duty on ski and snowboard pants.
S. 3126	A bill to suspend temporarily the duty on ski and snowboard pants.
S. 3127	A bill to suspend temporarily the duty on ski and snowboard pants.
S. 3129	A bill to clarify the classification of certain high-density fiberboard, and for other purposes.
S. 3130	A bill to provide for the liquidation or reliquidation of certain entries relating to high-density fiberboard-core, laminate panels exceeding 0.8 grams per cube centimeter entered from 2001 through 2003.
S. 3131	A bill to provide for the liquidation or reliquidation of certain entries relating to high-density fiberboard-core, laminate panels exceeding 0.8 grams per cubic centimeter entered from 2001 through 2002.
S. 3132	A bill to provide for the liquidation or reliquidation of certain entries relating to high-density fiberboard-core, laminate panels exceeding 0.8 grams per cubic centimeter entered in 2002.
S. 3133	A bill to extend temporarily the suspension of duty on 3,3',4-4'-Biphenyltetracarboxylic.
S. 3134	A bill to suspend temporarily the duty on methyl acrylate.
S. 3135	A bill to suspend temporarily the duty on 40-piece carbide router bit set for woodworking.
S. 3136	A bill to suspend temporarily the duty on grass shears with rotating blade.
S. 3137	A bill to provide for the liquidation or reliquidation of certain entries relating to canned pineapple fruit entered between July 1, 1997, and June 30, 1998.
S. 3138	A bill to provide for the liquidation or reliquidation of certain entries relating to canned pineapple fruit entered between July 1, 1996, and June 30, 1997.
S. 3139	A bill to extend temporarily the suspension of duty on 4,4N-Oxydiphthalic anhydride.
S. 3140	A bill to suspend temporarily the duty on certain sulfide pigments.
S. 3141	A bill to extend and modify the suspension of duty on Methyl N-(2-[[1-(4-chlorophenyl)-1H-pyrazol-3-yl]-oxymethyl]phenyl)-N-methoxycarbanose (Pyraclostrobin).
S. 3142	A bill to suspend temporarily the duty on Mixtures containing 50% of Methyl (E)-methoxyimino-2(2-o-tolyoxymethyl)phenyl) acetate (Kresoxim methyl).
S. 3143	A bill to suspend temporarily the duty on Diuron.
S. 3144	A bill to suspend temporarily the duty on N,N-Dimethylpiperidinium chloride (Mepiquat chloride).
S. 3145	A bill to suspend temporarily the duty on Linuron.
S. 3146	A bill to reduce temporarily the duty on formulated product Krovar I DF.
S. 3147	A bill to clarify the article description and rate of duty for certain tractor body parts.
S. 3148	A bill to suspend temporarily the duty on household one-step, two-step, and three-step steel ladders.
S. 3149	A bill to suspend temporarily the duty on 4-piece or 5-piece fireplace tools of iron or steel.
S. 3150	A bill to suspend temporarily the duty on tarpaulins measuring 9-feet by 12-feet with polyvinyl chloride (PVC) coating.
S. 3151	A bill to suspend temporarily the duty on 120-piece, 90-piece, and 60-piece drill bit sets for woodworking.
S. 3152	A bill to suspend temporarily the duty on 120-piece drill and driver bit sets for woodworking.
S. 3153	A bill to suspend temporarily the duty on certain copper lawn sprinklers.
S. 3154	A bill to suspend temporarily the duty on garden hoses measuring 150 feet or 50 feet in length, manufactured from non-recycled materials, having polyvinyl chloride interior tubing, and having a minimum burst pressure of 27.6 MPa spray nozzle.
S. 3155	A bill to suspend temporarily the duty on RSD 1235.
S. 3156	A bill to suspend temporarily the duty on N6-Benzyladenine.
S. 3157	A bill to suspend temporarily the duty on MCPB acid and MCPB sodium salt.
S. 3158	A bill to suspend temporarily the duty on 2-Methyl-4-chlorophenoxyacetic acid, salts, and esters.
S. 3159	A bill to suspend temporarily the duty on gibberellic acid.
S. 3160	A bill to suspend temporarily the duty on triphenyltin hydroxide.
S. 3161	A bill to suspend temporarily the duty on certain sebacic acid.
S. 3162	A bill to suspend temporarily the duty on bromoxynil octonoate.
S. 3163	A bill to extend temporarily the suspension of duty on certain epoxy molding compounds.
S. 3164	A bill to amend the Trade Act of 1974 to extend trade benefits to certain tents imported into the United States.
S. 3165	A bill to extend temporarily the suspension of duty on 5-MPDC.
S. 3166	A bill to suspend temporarily the duty on Methyl 3-(trifluoromethyl)benzoate.
S. 3167	A bill to suspend temporarily the duty on Bentazon.
S. 3168	A bill to suspend temporarily the duty on 1,3-Dibromo-5,5-dimethylhydantoin.
S. 3169	A bill to suspend temporarily the duty on 4-(Trifluoromethyoxy)phenyl isocyanate.
S. 3170	A bill to suspend temporarily the duty on 4-Methylbenzonitrile.
S. 3174	A bill to suspend temporarily the duty on diamino decane.
S. 3177	A bill to suspend temporarily the duty on certain compounds of lanthanum phosphates.
S. 3178	A bill to suspend temporarily the duty on certain compounds of yttrium europium oxide co-precipitates.
S. 3179	A bill to suspend temporarily the duty on certain compounds of lanthanum, cerium, and terbium phosphates.
S. 3180	A bill to suspend temporarily the duty on certain compounds of yttrium cerium phosphates.
S. 3181	A bill to extend the duty suspension on ORGASOL polyamide powders.
S. 3182	A bill to suspend temporarily the duty on canned, boiled oysters, not smoked.
S. 3183	A bill to provide that certain vessel repairs done by United States crews are not subject to duty.
S. 3184	A bill to extend temporarily the suspension of the duty on 2-Mercaptoethanol.
S. 3185	A bill to extend temporarily the suspension of the duty on Bifenazate.
S. 3186	A bill to extend temporarily the suspension of the duty on Terrazole.
S. 3190	A bill to clarify the classification of certain high-density fiberboard and for other purposes.
S. 3191	A bill to provide for the reliquidation of certain entries of certain small diameter carbon and alloy seamless standard line and pressure pipe from Romania.
S. 3192	A bill to provide for the liquidation or reliquidation of certain entries relating to high-density laminate panels entered from 1997 through 2005.
S. 3193	A bill to provide for the liquidation or reliquidation of certain entries relating to high-density laminate panels entered from 1998 through 2004.
S. 3194	A bill to provide for the liquidation or reliquidation of certain entries relating to high-density laminate panels entered from 2000 through 2005.
S. 3195	A bill to provide for the liquidation or reliquidation of certain entries relating to high-density laminate panels entered from 1998 through 2000.
S. 3196	A bill to provide for the duty-free entry of certain tramway cars and associated spare parts for use by the city of Seattle, Washington.
S. 3197	A bill to modify the provisions of the Harmonized Tariff Schedule of the United States relating to returned property.
S. 3198	A bill to suspend the duty on certain boots.
S. 3199	A bill to suspend temporarily the duty on modified steel leaf spring leaves.
S. 3200	A bill to suspend temporarily the duty on steel leaf spring leaves.
S. 3201	A bill to suspend temporarily the duty on suspension system stabilizer bars.
S. 3202	A bill to suspend temporarily the duty on vinylidene chloride-methyl methacrylate-acrylonitrile copolymer.
S. 3203	A bill to suspend temporarily the duty on 1-propene, 1,1,2,3,3,3-hexafluoror-, oxidized, polymerized, reduced hydrolyzed.
S. 3204	A bill to suspend temporarily the duty on 1-Propene,1,1,2,3,3,3-hexafluoro-oxidized, polymerized.
S. 3205	A bill to suspend temporarily the duty on 1, propene, 1,1,2,3,3,3-hexafluoro-, telomers with chlorotrifluoroethene, oxidized, reduced, ethyl ester, hydrolyzed.
S. 3206	A bill to suspend temporarily the duty on a certain infrared absorbing dye.
S. 3207	A bill to suspend temporarily the duty on 1,1,2-2-Tetrafluoroethene, oxidized, polymerized.
S. 3208	A bill to suspend temporarily the duty on Methoxycarbonyl-terminated perfluorinated polyoxymethylene-polyoxyethylene.
S. 3209	A bill to suspend temporarily the duty on Ethene, tetrafluoro, oxidized, polymerized, reduced, decarboxylated.
S. 3210	A bill to suspend temporarily the duty on Ethene tetrafluoro-oxidized, polymerized reduced, methyl esters, reduced, ethoxylated.
S. 3211	A bill to suspend temporarily the duty on Oxiranemethanol, polymers with reduced methyl esters of reduced polymerized oxidized tetrafluoroethylene.
S. 3212	A bill to suspend temporarily the duty on Ethene, tetrafluoro-oxidized, polymerized reduced, methyl esters, reduced.
S. 3213	A bill to suspend temporarily the duty on certain light-absorbing photo dyes.
S. 3214	A bill to suspend temporarily the duty on certain specialty monomers.
S. 3216	A bill to provide for the liquidation or reliquidation of certain apparel articles entered from February 7, 2005, to March 16, 2005, under the United States-Caribbean Basin Trade Partnership Act.
S. 3217	A bill to suspend temporarily the duty on certain viscose rayon yarn.
S. 3218	A bill to reduce temporarily the duty on certain pepperoncini prepared or preserved by vinegar or acetic acid in concentrations at 0.5 percent or greater.
S. 3219	A bill to suspend temporarily the duty on certain pepperoncini prepared or preserved otherwise than by vinegar or acetic acid.
S. 3220	A bill to suspend temporarily the duty on certain Giardiniera prepared or preserved otherwise than by vinegar or acetic acid in concentrations less than 0.5 percent.
S. 3221	A bill to suspend temporarily the duty on Ecoflex F BX7011.
S. 3222	A bill to suspend temporarily the duty on triphenol phosphine.
S. 3223	A bill to suspend temporarily the duty on certain capers.
S. 3224	A bill to extend the duty reduction on artichokes, prepared or preserved by vinegar or acetic acid.
S. 3225	A bill to extend temporarily the reduction of duty or artichokes prepared or preserved otherwise than by vinegar or acetic acid, not frozen.
S. 3226	A bill to suspend temporarily the duty on certain capers in containers.
S. 3227	A bill to suspend temporarily the duty on certain twisted yarn of viscose rayon.
S. 3228	A bill to provide for the liquidation or reliquidation of certain entries relating to palm fatty acid distillate.
S. 3229	A bill to clarify the classification of certain high-density fiberboard and for other purposes.
S. 3230	A bill to reduce temporarily the duty on Mesotrione Technical.
S. 3232	A bill to extend and modify duty suspensions relating to wool, and for other purposes.
S. 3233	A bill to make technical corrections relating to duties on wool products.
S. 3234	A bill to suspend temporarily the duty on lug bottom boots for use in fishing waders.
S. 3235	A bill to suspend temporarily the duty on felt bottom boots for use in waders.
S. 3236	A bill to suspend temporarily the duty on certain golf bag bodies.
S. 3237	Intelligence Authorization Act for Fiscal Year 2007
S. 3240	A bill to amend the Harmonized Tariff Schedule of the United States to clarify that tariff treatment of textile parts of seats and other furniture.
S. 3241	A bill to suspend temporarily the duty on certain backpacks with a removable separate backpack or daypack.
S. 3242	A bill to suspend temporarily the duty on certain backpacks.
S. 3243	A bill to suspend temporarily the duty on metsulfuron-methyl.
S. 3244	A bill to suspend temporarily the duty on dichlorprop-p acid, dichlorprop-p dimethylamine salt, and dichlorprop-p 2-ethylhexyl ester.
S. 3245	A bill to suspend temporarily the duty on 2,4-DB Acid and 2,4-DB Dimethylamine Salt.
S. 3246	A bill to suspend temporarily the duty on Tetraconazole.
S. 3247	A bill to reduce temporarily the duty on M-Alcohol.
S. 3248	A bill to suspend temporarily the duty on right angle ground fault circuit interrupters.
S. 3249	A bill to suspend temporarily the duty on metsulfuron-methyl
S. 3250	A bill to suspend temporarily the duty on 2, 4-DB Acid and 2,4-DB Dimethylamine Salt.
S. 3251	A bill to suspend temporarily the duty on dichlorprop-p acid, dichlorprop-p dimethylamine salt, and dichlorprop-p 2-ethylhexyl ester.
S. 3252	A bill to suspend temporarily the duty on filament fiber tow of rayon.
S. 3253	A bill to extend the temporary suspension of duty on DMSIP.
S. 3254	A bill to suspend temporarily the duty on parts for use in the manufacture of certain high-performance loudspeakers.
S. 3256	A bill to suspend temporarily the duty on ground fault circuit interrupter receptacles of 15 amps or less.
S. 3257	A bill to suspend temporarily the duty on ground fault circuit interrupter receptacles of greater than 15 amps.
S. 3258	A bill to suspend temporarily the duty on in line ground fault circuit interrupters.
S. 3259	A bill to suspend temporarily the duty on high current ground fault circuit interrupters.
S. 3260	A bill to suspend temporarily the duty on plastic lamp-holder housings containing sockets.
S. 3261	A bill to suspend temporarily the duty on porcelain lamp-holder housings containing sockets.
S. 3262	A bill to suspend temporarily the duty on aluminum lamp-holder housings containing sockets.
S. 3263	A bill to suspend temporarily the duty on brass lamp-holder housings containing sockets.
S. 3264	A bill to suspend temporarily the duty on staple fibers of viscose rayon, not carded, combed, or otherwise processed for spinning.
S. 3265	A bill to suspend temporarily the duty on staple fibers of viscose rayon, not carded.
S. 3266	A bill to suspend temporarily the duty on staple fibers of rayon, carded, combed, or otherwise processed.
S. 3267	A bill to suspend temporarily the duty on Butralin.
S. 3268	A bill to suspend temporarily the duty on Butanedioic acid, dimethyl ester, polymer with 4-hydroxy-2,2,6,6,-tetramethyl-1-piperidineethanol.
S. 3269	A bill to extend temporarily the suspension of duty on  3-amino-2'(sulfato-ethyl sulfonyl) ethyl benzamide.
S. 3270	A bill to extend duty suspension on  MUB 738 INT.
S. 3271	A bill to extend the suspension of duty on  5-amino-N-(2-hydroxyethyl)-2,3-xylenesulfonamide.
S. 3272	A bill to suspend temporarily the duty on mixtures of 1,3,5-Triazine-2,4,6-triamine,N,N'''-[1,2-ethane-diyl-bis [[[4,6-bis[butyl(1,2,2,6,6-pentamethyl-4-piperidinyl)amino]-1,3,5-triazine-2-yl] imino]-3,1-propanediyl]] bis[N',N"-dibutyl-N',N"-bis(1,2,2,6,6-pentamethyl-4-piperidinyl)- and Butanedioic acid, dimethylester polymer with 4-hydroxy-2,2,6,6-tetramethyl-1-piperdine ethanol.
S. 3273	A bill to reduce temporarily the duty on PHBA.
S. 3274	FAIR Act of 2006
S. 3277	A bill to suspend temporarily the duty on wide-range high sensitivity color zoom digital security camera.
S. 3278	A bill to suspend temporarily the duty on mini DVD camcorder.
S. 3279	A bill to suspend temporarily the duty on mini DVD camcorder with 8G HDD.
S. 3280	A bill to suspend temporarily the duty on mini DVD camcorder with 680K pixel CCD.
S. 3281	A bill to suspend temporarily the duty on mini DVD camcorder with 20G HDD.
S. 3282	A bill to suspend temporarily the duty on metal halide lamp.
S. 3283	A bill to suspend temporarily the duty on pressure sensitive film.
S. 3284	A bill to suspend temporarily the duty on pressure sensitive film with adhesive based on styrene-ethylene-butylene copolymer.
S. 3285	A bill to suspend temporarily the duty on wide-range high sensitivity color zoom digital security camera with optical lens zoom power 23x magnification.
S. 3286	A bill to suspend temporarily the duty on wide-range high sensitivity color zoom digital security camera with optical lens zoom power 22x magnification.
S. 3287	A bill to suspend temporarily the duty on wide-range high sensitivity color zoom digital security camera.
S. 3288	A bill to suspend temporarily the duty on handheld electronic can openers.
S. 3289	A bill to suspend temporarily the duty on electric knives.
S. 3290	A bill to suspend temporarily the duty on toaster ovens with single-slot traditional toaster opening on top of oven.
S. 3291	A bill to suspend temporarily the duty on ice shavers.
S. 3292	A bill to suspend temporarily the duty on dual-press sandwich makers with floating upper lid and lock.
S. 3293	A bill to suspend temporarily the duty on electric drink mixers with tilt mixing heads and two-speed motors.
S. 3294	A bill to suspend temporarily the duty on electric juice extractors greater than 300 watts but less than 400 watts.
S. 3295	A bill to suspend temporarily the duty on electric juice extractors not less than 800 watts.
S. 3296	A bill to suspend temporarily the duty on open-top electric indoor grills.
S. 3297	A bill to suspend temporarily the duty on electric coffee grinders.
S. 3298	A bill to suspend temporarily the duty on electric percolators.
S. 3299	A bill to suspend temporarily the duty on automatic drip coffeemakers other than those with clocks.
S. 3300	A bill to suspend temporarily the duty on automatic drip coffeemakers with electronic clocks.
S. 3301	A bill to suspend temporarily the duty on electronic under-the-cabinet mounting electric can openers.
S. 3302	A bill to reduce temporarily the duty on Nitrocellulose.
S. 3303	A bill to suspend temporarily the duty on food slicers and shredders with top-mounted motors and replaceable mixing bowls.
S. 3304	A bill to suspend temporarily the duty on Dimethyl Malonate.
S. 3305	A bill to suspend temporarily the duty on 1-chloro-1, 1-difluoroethane.
S. 3306	A bill to suspend temporarily the duty on lightweight wide angle digital camera lenses.
S. 3307	A bill to suspend temporarily the duty on digital zoom camera lenses not exceeding 20 ounces in weight.
S. 3308	A bill to suspend temporarily the duty on lightweight digital camera lenses.
S. 3309	A bill to suspend temporarily the duty on digital zoom camera lenses.
S. 3310	A bill to suspend temporarily the duty on digital camera lenses.
S. 3311	A bill to suspend temporarily the duty on certain electrical transformers.
S. 3312	A bill to suspend temporarily the duty on certain color flat panel screen monitors.
S. 3313	A bill to suspend temporarily the duty on certain color monitors video with a display diagonal of 35.56 cm or greater.
S. 3314	A bill to suspend temporarily the duty on certain color monitors.
S. 3315	A bill to suspend temporarily the duty on certain black and white monitors.
S. 3316	A bill to suspend temporarily the duty on 6 V lead-acid storage batteries.
S. 3317	A bill to suspend temporarily the duty on cosmetic bags with a flexible outer surface of reinforced or laminated polyvinyl chloride (PVC).
S. 3318	A bill to extend and amend the duty on 2 Hydroxypropyl methylcellulose.
S. 3319	A bill to suspend temporarily the duty on Zirconyl Chloride.
S. 3320	A bill to suspend temporarily the duty on low expansion laboratory glass.
S. 3321	A bill to suspend temporarily the duty on stoppers, lids, and other closures.
S. 3323	A bill to suspend temporarily the duty on Propylene Glycol Alginates (PGA) be eliminated.
S. 3324	A bill to provide for the liquidation or reliquidation of certain entries of Granulated polytetrafluoroethylene resin from Italy.
S. 3326	A bill to provide for the liquidation or reliquidation of certain entries relating to fiberboard entered between August 2001 and February 2003.
S. 3327	A bill to provide for the liquidation or reliquidation of certain entries relating to fiberboard entered in September through December, 2005.
S. 3328	A bill to provide for the liquidation or reliquidation of certain entries of fiberboard entered in 2001, 2002, and 2006.
S. 3329	A bill to provide for the liquidation or reliquidation of certain entries relating to fiberboard entered in February through May, 2005.
S. 3330	A bill to provide for the liquidation or reliquidation of certain entries relating to fiberboard entered in August through December, 2004.
S. 3331	A bill to provide for the liquidation or reliquidation of certain entries relating to fiberboard entered in June through August, 2004.
S. 3332	A bill to provide for the liquidation or reliquidation of certain entries relating to fiberboard entered in April through June, 2004.
S. 3333	A bill to provide for the liquidation or reliquidation of certain entries relating to fiberboard entered in February through April, 2004.
S. 3334	A bill to provide for the liquidation or reliquidation of certain entries relating to fiberboard.
S. 3335	A bill to provide for the liquidation or reliquidation of certain entries relating to fiberboard entered between May 2005 and September 2005.
S. 3336	A bill to provide for the liquidation or reliquidation of certain entries relating to fiberboard entered in April through August, 2001.
S. 3337	A bill to provide for the liquidation or reliquidation of certain entries relating to fiberboard entered between December 2002 and April 2003.
S. 3338	A bill to suspend temporarily the duty on polyethylene glycol branched-nonylphenyl ether phosphate.
S. 3339	A bill to provide for the liquidation or reliquidation of certain entries relating to fiberboard entered in November 2003 through February 2004.
S. 3340	A bill to provide for the liquidation or reliquidation of certain entries relating to fiberboard entered between December 2005 and April 2006.
S. 3341	A bill to provide for the liquidation or reliquidation of certain entries relating to fiberboard entered between August 2001 and February 2003.
S. 3342	A bill to provide for the liquidation or reliquidation of certain entries relating to fiberboard entered between March 2003 and August 2003.
S. 3343	A bill to provide for the liquidation or reliquidation of certain entries relating to fiberboard entered between October 2001 and September 2004.
S. 3344	A bill to provide temporary duty reduction for certain cotton fabrics, and for other purposes.
S. 3345	A bill to extend the temporary suspension of duty on Acetamiprid Technical.
S. 3346	A bill to suspend temporarily the duty on ester gums.
S. 3347	A bill to suspend temporarily the duty on polymerized rosin acids.
S. 3348	A bill to suspend temporarily the duty on ester gums.
S. 3349	A bill to extend temporarily the suspension of duty on certain fluoropolymers.
S. 3350	A bill to suspend temporarily the duty on Naphtol AS-CA.
S. 3351	A bill to suspend temporarily the duty on 1-(P-Tolyl)-3-Methyl-5-Pyrazolone.
S. 3352	A bill to suspend temporarily the duty on Naphthol AS-KB.
S. 3353	A bill to suspend temporarily the duty on Basic Violet 1.
S. 3354	A bill to suspend temporarily the duty on Basic Blue 7.
S. 3355	A bill to suspend temporarily the duty on Fast Red B Base.
S. 3356	A bill to suspend temporarily the duty on 3 Amino-4-Methylbenzamide.
S. 3357	A bill to suspend temporarily the duty on Acetoacetyl-2,5-Dimethoxy-4-Chloroanilide.
S. 3358	A bill to suspend temporarily the duty on gemifloxacin, gemifloxacin mesylate, and gemifloxacin mesylate sesquihydrate.
S. 3359	A bill to suspend temporarily the duty on diethyl ether.
S. 3360	A bill to suspend temporarily the duty on phenyl salicylate (benzoic acid, 2-hydroxy-, phenyl ester).
S. 3361	A bill to suspend temporarily the duty on titanium dioxide anatase.
S. 3365	A bill to reduce temporarily the duty on Pinoxaden Technical.
S. 3366	A bill to suspend temporarily the duty on mixtures of tralkoxydim.
S. 3367	A bill to suspend temporarily the duty on formulations of pinoxaden/cloquintocet.
S. 3368	A bill to suspend temporarily the duty on Permethrin.
S. 3369	A bill to suspend temporarily the duty on Metalaxyl-M Technical.
S. 3370	A bill to reduce temporarily the duty on Fludioxonil Technical.
S. 3371	A bill to suspend temporarily the duty on mixtures of difenoconazole/mefenoxam.
S. 3372	A bill to suspend temporarily the duty on Cyproconazole Technical.
S. 3373	A bill to suspend temporarily the duty on Cloquintocet-mexyl.
S. 3374	A bill to reduce temporarily the duty on formulations of Clodinafop-propargyl.
S. 3375	A bill to reduce temporarily the duty on formulations of Azoxystrobin.
S. 3376	A bill to suspend temporarily the duty on Avermectin B, 1,4"-deoxy-4"-methylamino-, (4"r)-, benzoate.
S. 3377	A bill to extend temporarily the suspension of duty on 1,3-Bis(4-aminophenoxy)benzene (RODA).
S. 3378	A bill to suspend temporarily the duty on chloroacetone.
S. 3379	A bill to suspend temporarily the duty on formulations of NOA 446510.
S. 3380	A bill to suspend temporarily the duty on DEMBB distilled-iso tank.
S. 3381	A bill to suspend temporarily the duty on malonic acid-dinitrile 50% NMP.
S. 3382	A bill to provide for the liquidation or reliquidation of certain drawback claims.
S. 3383	A bill to provide for the liquidation or reliquidation of certain drawback claims relating to petroleum products.
S. 3384	A bill to provide for the liquidation or reliquidation of certain drawback claims relating to petroleum products.
S. 3385	A bill to provide for the liquidation or reliquidation of certain drawback claims relating to petroleum products.
S. 3386	A bill to provide for the liquidation or reliquidation of certain drawback claims relating to petroleum products.
S. 3387	A bill to provide for the liquidation or reliquidation of certain drawback claims relating to petroleum products.
S. 3388	A bill to provide for the liquidation or reliquidation of certain drawback claims.
S. 3389	A bill to provide for the liquidation or reliquidation of certain drawback claims.
S. 3390	A bill to provide for the liquidation or reliquidation of certain drawback claims.
S. 3391	A bill to provide for the liquidation or reliquidation of certain drawback claims.
S. 3392	A bill to provide for the liquidation or reliquidation of certain drawback claims.
S. 3393	A bill to suspend temporarily the duty on certain boys' water resistant pants.
S. 3394	A bill to suspend temporarily the duty on certain men's water resistant pants.
S. 3395	A bill to extend the temporary suspension of duty on certain high tenacity rayon filament yarn.
S. 3396	A bill to suspend temporarily the duty on certain girls' water resistant pants.
S. 3397	A bill to suspend temporarily the duty on certain women's and girls' water resistant pants.
S. 3398	A bill to suspend temporarily the duty on synthetic indigo powder.
S. 3399	A bill to suspend temporarily the duty on Argumex.
S. 3400	A bill to suspend temporarily the duty on certain men's and boys' water resistant pants.
S. 3401	A bill to suspend temporarily the duty on certain women's water resistant pants.
S. 3402	A bill to suspend temporarily the duty on certain girls' water resistant pants.
S. 3403	A bill to suspend temporarily the duty on certain women's water resistant pants.
S. 3405	A bill to provide for the liquidation or reliquidation of certain entries of educational toys entered in November 15 through December 31, 2003.
S. 3406	A bill to provide for the liquidation or reliquidation of certain entries of educational toys entered in October 11 through December 31, 2002.
S. 3407	A bill to provide for the liquidation or reliquidation of certain entries of educational toys entered in January 3 through July 4, 2002.
S. 3408	A bill to provide for the liquidation or reliquidation of certain entries of educational toys entered in October 21 through November 14, 2003.
S. 3409	A bill to provide for the liquidation or reliquidation of certain entries of educational toys entered in January 1 through August 29, 2003.
S. 3410	A bill to provide for the liquidation or reliquidation of certain entries of educational toys entered in August 18 through November 29, 2001.
S. 3411	A bill to provide for the liquidation or reliquidation of certain entries of educational toys entered in May 1 through July 17, 2004.
S. 3412	A bill to provide for the liquidation or reliquidation of certain entries of educational toys entered in July 17 through October 30, 2004.
S. 3413	A bill to provide for the liquidation or reliquidation of certain entries of educational toys entered in November 1 through December 11, 2004.
S. 3414	A bill to provide for the liquidation or reliquidation of certain entries of educational toys entered in January 3 through April 25, 2004.
S. 3415	A bill to provide for the liquidation or reliquidation of certain entries of educational toys entered in November 30 through December 31, 2001.
S. 3416	A bill to provide for the liquidation or reliquidation of certain entries of educational toys entered in July 5 through October 11, 2002.
S. 3417	A bill to provide for the liquidation or reliquidation of certain entries of educational toys entered in August 30 through October 20, 2003.
S. 3418	A bill to provide for the liquidation or reliquidation of certain entries of educational toys entered in January 1 through August 18, 2001.
S. 3419	A bill to provide for the liquidation or reliquidation of certain entries of educational toys entered in December 11 through December 31, 2003.
S. 3420	A bill to provide for the liquidation or reliquidation of certain entries of educational toys entered in September 2 through September 30, 2003.
S. 3423	A bill to liquidate or reliquidate certain entries of roller chain.
S. 3424	A bill to extend temporarily the suspension of duty on 3-(Ethylsulfonyl)-2-pyridinesulfonamide.
S. 3425	A bill to suspend temporarily the duty on 2 benzylthio-3-ethyl sulfonyl pyridine.
S. 3426	A bill to extend temporarily the duty on carbamic acid.
S. 3427	A bill to suspend temporarily the duty on certain decorative plates.
S. 3428	A bill to suspend temporarily the duty on certain music boxes.
S. 3429	A bill to reduce temporarily the duty on sulfentrazone technical.
S. 3430	A bill to provide for the liquidation or reliquidation of certain bowling ball carrier bag parts.
S. 3431	A bill to require the liquidation or reliquidation of certain entries of large newspaper printing presses and components thereof.
S. 3434	A bill to suspend temporarily the duty on certain synthetic staple fibers that are carded, combed, or otherwise processed for spinning.
S. 3435	A bill to suspend temporarily the duty on acrylic or modacrylic synthetic filament tow.
S. 3436	A bill to suspend temporarily the duty on certain synthetic staple fibers that are not carded, combed, or otherwise processed for spinning.
S. 3437	A bill to suspend temporarily the duty on 1H-Imidazole-4,5-dimethanol, 2-phenyl- (9Cl).
S. 3438	A bill to suspend temporarily the duty on 1,3,5-Triazine-2,4-diamine, 6-[2-(2-methyl-1H-imidazol-1-yl)ethyl]- (9Cl).
S. 3439	A bill to suspend temporarily the duty on 50/50 mixture of 1,3,5-Triazine-2,4,6(1H,3H,5H)-trione, 1,3,5-tris[(2R)-oxiranylmethyl]-(9Cl) and 1,3,5,-Triazine-2,4,6(1H,3H,5H)-trione, 1,3,5-tris[(2S)-oxiranylmethyl]-(9Cl).
S. 3440	A bill to suspend temporarily the duty on 9H-Thioxanthene-2-carboxaldehyde, 9-oxo-, 2-(o-acetyloxime) (9Cl).
S. 3441	A bill to suspend temporarily the duty on 1-Propenoic acid, polymer with (chloromethyl)oxirane, formaldehyde, 2-(hydroxymethyl)-2-[[(1-oxo-2-propenyl)oxy]methyl]-1,3-propanediyl di-2-propenoate, 5-isocyanato-1-(isocyanatomethyl)-1,3,3-trimethyleyclohexane and 2-methylphenol (9Cl).
S. 3442	A bill to suspend temporarily the duty on 2-Propenoic acid, reaction products with o-cresol-epichlorohydydrin-formaldehyde polymer and 3a,4,7,7a-tetrahydro-1,3-isobenzofurandione.
S. 3443	A bill to suspend temporarily the duty on 1H-Imidazole, 2-ethyl-4-methyl- (9Cl).
S. 3444	A bill to suspend temporarily the duty on 1H-Imidazole-4-methanol, 5-methyl-2-phenyl-(9Cl).
S. 3445	A bill to suspend temporarily the duty on epoxide resins consisting of Formaldehyde, polymer with methylphenol, 2-hydroxy-3-[(1-oxo-2-propenyl)oxy]propyl ether and formaldehyde, polymer with (chloromethyl)oxirane and methylphenol, 4-cyclohexene-1,2-dicarboxylate 2-propenoate (9Cl).
S. 3446	A bill to suspend temporarily the duty on 4-Cyclohexene-1,2-dicarboxylic acid, compd. with 1,3,5-triazine-2,4,6-triamine (1:1).
S. 3447	A bill to suspend temporarily the duty on 2-Propenoic acid, polymer with (chloromethyl)oxirane, formaldehyde and phenol, hydrogen 4-cyclohexene-1,2-dicarboxylate.
S. 3448	A bill to suspend temporarily the duty on Formaldehyde, polymer with (chloromethyl)oxirane and 2-methylphenol, 3-hydroxy-2-(hydroxymethyl)-2-methylpropanoate 2-propenoate, 4-cyclohexene-1,2-dicarboxylate (9Cl).
S. 3450	A bill to suspend temporarily the duty on Oxirane, 2,2'-[(3,3',5,5'-tetramethyl[1,1'-biphenyl]-4,4'-diyl)bis(oxymethylene)bis- (9Cl).
S. 3451	A bill to suspend temporarily the duty on 1,3,5,-Triazine-2,4-diamine, 6-[2-(2-undecyl-1H-imidazol-1-yl)ethyl]-(9Cl).
S. 3452	A bill to modify the provisions of the Harmonized Tariff Schedule of the United States relating to returned property.
S. 3453	A bill to provide for duty free treatment for certain United States Government property returned to the United States.
S. 3456	Homeland Emergency Response Operations Act
S. 3457	Consumers Having Options in Cable Entertainment Act
S. 3459	A bill to provide for the liquidation or reliquidation of certain entries relating to high-density, fiberboard-core laminate panels entered in May 2003 through September 2003.
S. 3460	A bill to provide for the liquidation or reliquidation of certain entries relating to high-density, fiberboard-core laminate panels entered in June 2004 through October 2004.
S. 3461	A bill to provide for the liquidation or reliquidation of certain entries relating to high-density, fiberboard-core laminate panels entered in February 2003 through May 2003.
S. 3462	A bill to provide for the liquidation or reliquidation of certain entries relating to high-density, fiberboard-core laminate panels entered in October 2002 through February 2003.
S. 3463	A bill to provide for the liquidation or reliquidation of certain entries relating to high-density, fiberboard-core laminate panels entered in May 2002 through August 2002.
S. 3464	A bill to provide for the liquidation or reliquidation of certain entries relating to high-density, fiberboard-core laminate panels entered in May 2002 through June 2002.
S. 3465	A bill to provide for the liquidation or reliquidation of certain entries relating to high-density, fiberboard-core laminate panels entered in March 1999 through March 2001.
S. 3466	A bill to provide for the liquidation or reliquidation of certain entries relating to high-density, fiberboard-core laminate panels entered in March 2002 through May 2002.
S. 3467	A bill to provide for the liquidation or reliquidation of certain entries relating to high-density, fiberboard-core laminate panels entered in January 2002 through March 2002.
S. 3468	A bill to provide for the liquidation or reliquidation of certain entries relating to high-density, fiberboard-core laminate panels entered in March 2001 through October 2001.
S. 3469	A bill to provide for the liquidation or reliquidation of certain entries relating to high-density, fiberboard-core laminate panels entered in February 2005 through July 2005.
S. 3470	A bill to provide for the liquidation or reliquidation of certain entries relating to high-density, fiberboard-core laminate panels entered in October 2004 through February 2005.
S. 3471	A bill to provide for the liquidation or reliquidation of certain entries relating to high-density, fiberboard-core laminate panels entered in March 2004 through June 2007.
S. 3472	A bill to provide for the liquidation or reliquidation of certain entries relating to high-density, fiberboard-core laminate panels entered in August 2003 through March 2004.
S. 3473	A bill to provide for the liquidation or reliquidation of certain entries relating to high-density, fiberboard-core laminate panels entered in November 2001 through December 2004.
S. 3474	A bill to provide for the liquidation or reliquidation of certain entries relating to high-density, fiberboard-core laminate panels entered in July 2002 through October 2002.
S. 3477	A bill to suspend temporarily the duty on certain athletic footwear valued at not over $2.50.
S. 3479	A bill to suspend temporarily the duty on numerous other seals made of rubber or silicone, and covered with, or reinforced with, a fabric material.
S. 3498	A bill to suspend temporarily the duty on certain thin fiberglass sheets.
S. 3502	New National Defense Education Act of 2006
S. 3518	A bill to amend the Credit Repair Organizations Act to establish a new disclosure statement.
S. 3531	A bill to appropriate $430,000,000 for medical care for veterans and $70,000,000 to improve the security for personal data of veterans held by the Department of Veterans Affairs, and for other purposes.
S. 3538	A bill to suspend temporarily the duty on unbleached printcloth.
S. 3539	A bill to suspend temporarily the duty on unbleached sheeting.
S. 3540	A bill to suspend temporarily the duty on unbleached cheesecloth.
S. 3541	A bill to suspend temporarily the duty on certain unbleached printcloth.
S. 3543	Ten-in-Ten Fuel Economy Act
S. 3544	A bill to reduce temporarily the duty on Thiamethoxam Technical.
S. 3560	Federal Election Administration Act of 2006
S. 3571	A bill to suspend temporarily the duty on certain footwear valued over $20 a pair with coated or laminated textile fabrics.
S. 3572	A bill to suspend temporarily the duty on certain women's footwear with coated or laminated textile fabrics.
S. 3573	A bill to suspend temporarily the duty on certain men's footwear with coated or laminated textile fabrics.
S. 3574	A bill to suspend temporarily the duty on certain men's footwear valued over $20 a pair with coated or laminated textile fabrics.
S. 3575	A bill to suspend temporarily the duty on certain women's footwear valued over $20 a pair with coated or laminated textile fabrics.
S. 3576	A bill to suspend temporarily the duty on certain other footwear valued over $20 a pair with coated or laminated textile fabrics.
S. 3577	A bill to reduce temporarily the duty on certain men's footwear covering the ankle with coated or laminated textile fabrics.
S. 3578	A bill to reduce temporarily the duty on certain footwear not covering the ankle with coated or laminated textile fabrics.
S. 3579	A bill to reduce temporarily the duty on certain women's footwear covering the ankle with coated or laminated textile fabrics.
S. 3580	A bill to reduce temporarily the duty on certain women's footwear not covering the ankle with coated or laminated textile fabrics.
S. 3581	A bill to reduce temporarily the duty on certain other footwear covering the ankle with coated or laminated textile fabrics.
S. 3587	A bill to reduce temporarily the duty on certain footwear with coated or laminated textile fabrics.
S. 3588	Nurse Education, Expansion, and Development Act of 2006
S. 3592	A bill to appropriate $160,500,000 for the Department of Veterans Affairs to improve security for personal data of veterans and other persons held by the Department of Veterans Affairs and to provide remedial assistance to veterans and other persons who have had personal data stolen from the Department of Veterans Affairs.
S. 3602	A bill to provide duty-free treatment for certain parts of motor vehicles.
S. 3604	Medicare Safe Needle Disposal Coverage Act of 2005
S. 3610	A bill to suspend temporarily the duty on certain Giardiniera prepared or preserved otherwise than by vinegar or acetic acid in concentrations less than 0.5 percent.
S. 3625	A bill to provide for the reliquidation of certain entries of certain small diameter carbon and alloy seamless standard, line and pressure pipe from Romania.
S. 3637	A bill to require the submittal to Congress of any Presidential Daily Briefing relating to Iraq during the period beginning on January 20, 1997, and ending on March 19, 2003.
S. 3640	A bill to require the United States Court of International Trade to consider certain civil actions that were delayed because of the terrorist attacks of September 11, 2001.
S. 3641	A bill to suspend temporarily the duty on certain woven fabrics of cotton, containing less than 85 percent by weight of cotton.
S. 3642	A bill to suspend temporarily the duty on knitted or crocheted fabrics of cotton, printed.
S. 3643	A bill to suspend temporarily the duty on certain woven fabrics of cotton, containing less than 85 percent by weight of cotton, mixed mainly or solely with man-made fibers, weighing not more than 200 g/m2.
S. 3644	A bill to suspend temporarily the duty on weft pile fabrics of cotton, other than uncut weft pile fabrics or cut corduroy.
S. 3645	A bill to suspend temporarily the duty on certain artificial filament single yarn (other than sewing thread).
S. 3660	District of Columbia Appropriations Act, 2007
S. 3665	A bill to extend temporarily the suspension of duty on certain ceramic knives.
S. 3669	A bill to suspend temporarily the duty on certain footwear with coated or laminated textile fabrics.
S. 3670	A bill to suspend temporarily the duty on certain men's footwear covering the ankle with coated or laminated textile fabrics.
S. 3671	A bill to suspend temporarily the duty on certain other footwear covering the ankle with coated or laminated textile fabrics.
S. 3672	A bill to suspend temporarily the duty on certain footwear not covering the ankle with coated or laminated textile fabrics.
S. 3673	A bill to suspend temporarily the duty on certain women's footwear covering the ankle with coated or laminated textile fabrics.
S. 3674	A bill to suspend temporarily the duty on certain women's footwear not covering the ankle with coated or laminated textile fabrics.
S. 3675	A bill to extend the suspension of duty on Methyl 2-[[[[[4-(dimethylamino)-6-(2,2,2-trifluorethoxy)-1,3,5-tri zin-2-yl]-amino]carbonyl]amino]sulfonyl]-3-methylbenzoate and application adjuvants.
S. 3679	National Transportation Safety Board Reauthorization Act of 2006
S. 3686	A bill to suspend temporarily the duty on certain AC electric motors.
S. 3700	Korean War Veterans Recognition Act of 2006
S. 3702	Farm and Forestry Worker Transportation Safety Act
S. 3707	Passenger Vehicle Loss Disclosure Act
S. 3708	Departments of Labor, Health and Human Services, and Education, and Related Agencies Appropriations Act, 2007
S. 3718	Pool and Spa Safety Act
S. 3722	Naval Vessels Transfer Act of 2006
S. 3724	EPSCoR Research and Competitiveness Act of 2006
S. 3735	A bill to suspend temporarily the duty on vulcanized rubber felt bottom boots for use in waders.
S. 3736	A bill to suspend temporarily the duty on vulcanized rubber lug bottom boots for use in fishing waders.
S. 3749	A bill to suspend temporarily the duty on certain parts and accessories for measuring or checking instruments.
S. 3750	A bill to suspend temporarily the duty on certain printed circuit assemblies for measuring equipment for telecommunications.
S. 3751	A bill to suspend temporarily the duty on certain subassemblies for measuring equipment for telecommunications.
S. 3752	A bill to liquidate or reliquidate certain entries of frozen fish fillets.
S. 3774	A bill to amend title 18, United States Code, to prohibit the unauthorized disclosure of classified information.
S. 3819	Strengthening the Safety Net Act of 2006
S. 3831	A bill to reduce temporarily the duty on benzoyl chloride.
S. 3842	A bill to suspend temporarily the duty on synthetic quartz or fused silica photomask blank substrates.
S. 3852	Maritime Administration Improvement Act of 2006
S. 3875	Real Security Act of 2006
S. 3877	A bill entitled the "Foreign Intelligence Surveillance Improvement and Enhancement Act of 2006".
S. 3921	A bill to modify the calculation of back pay for persons who were approved for promotion as members of the Navy and Marine Corps while interned as prisoners of war during World War II to take into account changes in the Consumer Price Index.
S. 3939	RU-486 Patient Health and Safety Protection Act
S. 3961	Pipeline Inspection, Protection, Enforcement, and Safety Act of 2006
S. 3975	Community Health Workers Act of 2006
S. 3984	Comprehensive Assistance for Veterans Exposed to Traumatic Stressors Act of 2006
S. 3994	A bill to extend the Iran and Libya Sanctions Act of 1996.
S. 4004	A bill to suspend temporarily the duty on certain structures, parts, and components for use in an isotopic separation facility in southern Ohio.
S. 4067	Satellite Consumer Protection Act of 2006
S. 4109	Aircraft Noise Reduction Act of 2006
S. 4110	U.S. SAFE WEB Act of 2006
S.Con.Res. 1	A concurrent resolution to provide for the counting on January 6, 2005, of the electoral votes for President and Vice President of the United States.
S.Con.Res. 2	A concurrent resolution to extend the life of the Joint Congressional Committee on Inaugural Ceremonies and the provisions of S. Con. Res. 93 and S. Con. Res. 94 of the One Hundred Eighth Congress.
S.Con.Res. 3	A concurrent resolution expressing the sense of the Congress with respect to the murder of Emmett Till.
S.Con.Res. 4	A concurrent resolution expressing the sense of the Congress that the Department of Defense should continue to exercise its statutory authority to support the activities of the Boy Scouts of America, in particular the periodic national and world Boy Scout Jamborees.
S.Con.Res. 8	A concurrent resolution expressing the sense of Congress that there should continue to be parity between the adjustments in the pay of members of the uniformed services and the adjustments in the pay of civilian employees of the United States.
S.Con.Res. 10	A concurrent resolution raising awareness and encouraging prevention of stalking by establishing January 2006 as "National Stalking Awareness Month".
S.Con.Res. 16	A concurrent resolution conveying the sympathy of Congress to the families of the young women murdered in the State of Chihuahua, Mexico, and encouraging increased United States involvement in bringing an end to these crimes.
S.Con.Res. 18	An original concurrent resolution setting forth the congressional budget for the United States Government for fiscal year 2006 and including the appropriate budgetary levels for fiscal years 2005 and 2007 through 2010.
S.Con.Res. 21	A concurrent resolution expressing the grave concern of Congress regarding the recent passage of the anti-secession law by the National People's Congress of the People's Republic of China.
S.Con.Res. 23	A concurrent resolution providing for a conditional adjournment or recess of the Senate, and a conditional adjournment of the House of Representatives.
S.Con.Res. 24	A concurrent resolution expressing the grave concern of Congress regarding the recent passage of the anti-secession law by the National People's Congress of the People's Republic of China.
S.Con.Res. 29	A concurrent resolution providing for a conditional adjournment of the Senate.
S.Con.Res. 30	A concurrent resolution to express the sense of Congress concerning the provision of health insurance coverage to all Americans.
S.Con.Res. 31	A concurrent resolution to correct the enrollment of H. R. 1268.
S.Con.Res. 33	A resolution expressing the sense of the Congress regarding the policy of the United States at the 57th Annual Meeting of the International Whaling Commission.
S.Con.Res. 39	A concurrent resolution to express the sense of Congress on the Purple Heart.
S.Con.Res. 51	A concurrent resolution providing for a conditional adjournment or recess of the Senate, and a conditional adjournment or recess of the House of Representatives.
S.Con.Res. 64	A concurrent resolution expressing the sense of the Congress regarding oversight of the Internet Corporation for Assigned Names and Numbers.
S.Con.Res. 66	A concurrent resolution affirming that the intent of Congress in passing the National Wildlife Refuge System Improvement Act of 1997 was to allow hunting and fishing on public land within the National Wildlife Refuge System and declaring that the purpose of reserving certain land as public land is to make the land available to the public for reasonable uses.
S.Con.Res. 83	An original concurrent resolution setting forth the congressional budget for the United States Government for fiscal year 2007 and including the appropriate budgetary levels for fiscal years 2006 and 2008 through 2011.
S.Con.Res. 94	A concurrent resolution expressing the sense of Congress that the needs of children and youth affected or displaced by disasters are unique and should be given special consideration in planning, responding, and recovering from such disasters in the United States.
S.Con.Res. 99	A concurrent resolution expressing the sense of the Congress regarding the policy of the United States at the 58th Annual Meeting of the International Whaling Commission.
S.Con.Res. 109	A concurrent resolution commending the Government of Canada for its renewed commitment to Afghanistan.
S.Con.Res. 123	A concurrent resolution providing for correction to the enrollment of the bill H.R. 5946.
S.J.Res. 1	Marriage Protection Amendment
S.J.Res. 6	A joint resolution proposing an amendment to the Constitution of the United States to ensure continuity of congressional operations and the avoidance of martial law in the event of mass incapacitations or death in either House of Congress.
S.J.Res. 10	A joint resolution proposing an amendment to the Constitution of the United States which requires (except during time of war and subject to suspension by Congress) that the total amount of money expended by the United States during any fiscal year not exceed the amount of certain revenue received by the United States during such fiscal year and not exceed 20 per centum of the gross national product of the United States during the previous calendar year.
S.J.Res. 11	A joint resolution proposing an amendment to the Constitution of the United States to abolish the electoral college and to provide for the direct popular election of the President and Vice President of the United States.
S.J.Res. 14	Jerusalem Resolution
S.J.Res. 24	A joint resolution proposing an amendment to the Constitution of the United States relative to the reference to God in the Pledge of Allegiance and on United States currency.
S.J.Res. 26	A joint resolution proposing an amendment to the Constitution of the United States relative to the line item veto.
S.J.Res. 37	A joint resolution granting the consent of Congress to the International Emergency Management Assistance Memorandum of Understanding.
S.Res. 4	A resolution expressing the sympathy and pledging the support of the United States Senate and the people of the United States for the victims of the powerful earthquake and devastating tsunami that struck Bangladesh, Burma, India, Indonesia, Kenya, Malaysia, the Maldives, the Seychelles, Somalia, Sri Lanka, Tanzania, Thailand, and other areas of South Asia, Southeast Asia, and Africa, on December 26, 2004.
S.Res. 7	A resolution relating to the death of Howard S. Liebengood, former Sergeant at Arms of the Senate.
S.Res. 9	A resolution expressing the sense of the Senate regarding designation of the month of November as "National Military Family Month".
S.Res. 11	A resolution honoring the service of Reverend Lloyd Ogilvie.
S.Res. 12	A resolution commending the University of Southern California Trojans football team for winning the 2004 Bowl Championship Series national championship game.
S.Res. 16	An original resolution authorizing expenditures by the Committee on Homeland Security and Governmental Affairs.
S.Res. 23	An original resolution authorizing expenditures by the Special Committee on Aging.
S.Res. 24	An original resolution authorizing expenditures by the Committee on the Budget.
S.Res. 29	An original resolution authorizing expenditures by the Committee on Armed Services.
S.Res. 30	An original resolution authorizing expenditures by the Committee on Commerce, Science, and Transportation.
S.Res. 32	An original resolution authorizing expenditures by the Committee on Foreign Relations.
S.Res. 34	An original resolution authorizing expenditures by the Committee on Health, Education, Labor, and Pensions.
S.Res. 35	An original resolution authorizing expenditures by the Committee on Veterans' Affairs.
S.Res. 36	An original resolution authorizing expenditures by the Committee on the Judiciary.
S.Res. 41	A resolution congratulating the New England Patriots on their victory in Super Bowl XXXIX.
S.Res. 47	A resolution expressing the sense of the Senate commending civilian employers of members of the reserve components of the Armed Forces for their support of members who are called to active duty and for their support of the members' families.
S.Res. 49	An original resolution authorizing expenditures by the Committee on Rules and Administration.
S.Res. 50	An original resolution authorizing expenditures by committees of the Senate for the periods March 1, 2005, through September 30, 2005, October 1, 2005, through September 30, 2006, and October 1, 2006, through February 28, 2007.
S.Res. 52	A resolution honoring Shirley Chisholm for her service to the Nation and expressing condolences to her family, friends, and supporters on her death.
S.Res. 53	A resolution demanding the return of the USS Pueblo to the United States Navy.
S.Res. 58	A resolution commending the Honorable Howard Henry Baker, Jr., formerly a Senator of Tennessee, for a lifetime of distinguished service.
S.Res. 70	A resolution commemorating the 40th anniversary of Bloody Sunday.
S.Res. 71	A resolution designating the week beginning March 13, 2005 as "National Safe Place Week".
S.Res. 95	A resolution relating to the death of the Holy Father, Pope John Paul II.
S.Res. 96	A resolution commemorating the tenth anniversary of the attack on the Alfred P. Murrah Federal Building.
S.Res. 102	A resolution commending the Virginia Union University Panthers men's basketball team for winning the 2005 National Collegiate Athletic Association Division II National Basketball Championship.
S.Res. 128	A resolution designating April 30, 2005, as "Dia de los Ninos: Celebrating Young Americans", and for other purposes.
S.Res. 129	A resolution commending the Virginia Retail Merchants Association on 100 years of service to the community.
S.Res. 130	A resolution designating the week of May 1 through May 7, 2005, as "North American Occupational Safety and Health Week (NAOSH)".
S.Res. 131	A resolution commemorating and acknowledging the dedication and sacrifice made by the men and women who have lost their lives while serving as law enforcement officers.
S.Res. 174	A resolution recognizing Burmese democracy activist and Nobel Peace Laureate Aung San Suu Kyi as a symbol of the struggle for freedom in Burma.
S.Res. 175	A resolution commending the University of Michigan softball team for winning the National Collegiate Athletic Association Division I Championship on June 8, 2005.
S.Res. 178	A resolution expressing the sense of the Senate regarding the United States-European Union Summit.
S.Res. 179	A resolution to provide for oversight over the Capitol Visitors Center by the Architect of the Capitol.
S.Res. 209	A resolution to strengthen fiscal responsibility by improving Senate consideration of conference reports.
S.Res. 246	A resolution to express the sense of the Senate regarding the missions and performance of the United States Coast Guard in responding to Hurricane Katrina.
S.Res. 258	A resolution to commend Timothy Scott Wineman.
S.Res. 310	A resolution honoring the life, legacy, and example of Israeli Prime Minister Yitzhak Rabin on the tenth anniversary of his death.
S.Res. 317	A resolution expressing the sense of the Senate regarding oversight of the Internet Corporation for Assigned Names and Numbers.
S.Res. 334	A resolution relative to the death of William Proxmire, former United States Senator from the State of Wisconsin.
S.Res. 358	A resolution expressing the sense of the Senate that the Secretary of Health and Human Services, acting through the Director of Indian Health Service, should maintain the current operating hours of the Wagner Service Unit until the Secretary submits to Congress a new report that accurately describes the current conditions at the Wagner Service Unit.
S.Res. 382	A resolution recognizing Kenneth M. Mead's service as the Inspector General of the Department of Transportation.
S.Res. 474	A resolution thanking Joyce Rechtschaffen for her service to the Senate and to the Committee on Homeland Security and Governmental Affairs.
S.Res. 486	A resolution designating June 2006 as "National Internet Safety Month".
S.Res. 525	Senate Legislative Transparency and Accountability Resolution of 2006
S.Res. 551	A resolution expressing the sense of the Senate that illegal immigrants should not receive Social Security benefits and that this prohibition should be strictly enforced.
S.Res. 610	A resolution expressing the sense of the Senate that the United States should promote the adoption of, and the United Nations should adopt, a resolution at its October meeting to protect the living resources of the high seas from destructive, illegal, unreported, and unregulated fishing practices.
S.Res. 628	A resolution supporting the 200th anniversary of the nation's nautical charting and related scientific programs, which formed the basis for what is today the National Oceanic and Atmospheric Administration; and recognizing 200 years of research, service to the people of the United States, and stewardship of the marine environment by the National Oceanic and Atmospheric Administration and its predecessor agencies, and for other purposes.
